Run,Time step,Infections,Exposed,Infectious,Recovered,Dead,ICU full,Peak,Peak time,Peak total,Initial,Home,School,Block,Work,Taxi,Tests,Positive,% Detected,Quarantines,R0,Tracing,TaT
0,269,5567,0,0,5533,34,24,2625,43,3834,19,1370,1204,160,1878,936,1345,1036,18.6097,0,1.6218,0,2
1,269,5550,0,0,5529,21,6,2512,40,3930,26,1384,1150,161,1884,945,1381,1060,19.0991,0,1.64745,0,2
2,269,5638,0,0,5619,19,9,2601,44,4092,18,1321,1177,180,1959,983,1447,1067,18.9252,0,1.69262,0,2
3,269,5532,0,0,5511,21,9,2650,45,4095,20,1248,1158,166,1987,953,1395,1065,19.2516,0,1.69348,0,2
4,269,5573,0,0,5550,23,14,2450,63,3997,15,1314,1222,178,1868,976,1356,1006,18.0513,0,1.66583,0,2
5,269,5527,0,0,5490,37,21,2417,43,3871,20,1305,1160,170,1929,943,1409,1062,19.2148,0,1.63159,0,2
6,269,5568,0,0,5551,17,0,2505,41,3778,24,1356,1194,163,1853,978,1356,993,17.8341,0,1.6072,0,2
7,269,5595,0,0,5579,16,9,2625,43,4021,24,1316,1185,161,1962,947,1409,1074,19.1957,0,1.67252,0,2
8,269,5646,0,0,5622,24,8,2556,43,4072,18,1316,1218,190,1936,968,1356,995,17.6231,0,1.68691,0,2
9,269,5673,0,0,5650,23,11,2497,43,3951,24,1325,1222,180,1934,988,1385,1045,18.4206,0,1.65317,0,2
10,269,5455,0,0,5432,23,13,2551,55,4082,14,1219,1166,162,1946,948,1343,986,18.0752,0,1.68976,0,2
11,269,5592,0,0,5554,38,24,2580,43,4041,18,1288,1167,187,1964,968,1395,1072,19.1702,0,1.67813,0,2
12,269,5556,0,0,5538,18,7,2441,40,3544,21,1282,1218,181,1879,975,1365,1000,17.9986,0,1.54895,0,2
13,269,5531,0,0,5503,28,14,2472,46,4011,16,1269,1239,167,1900,940,1382,1046,18.9116,0,1.66973,0,2
14,269,5626,0,0,5582,44,26,2379,44,3852,19,1346,1196,179,1940,946,1429,1085,19.2855,0,1.62655,0,2
15,269,5637,0,0,5600,37,29,2563,40,4185,24,1352,1171,160,1945,985,1449,1120,19.8687,0,1.71969,0,2
16,269,5600,0,0,5554,46,29,2424,40,3762,21,1302,1191,165,1929,992,1394,1058,18.8929,0,1.60308,0,2
17,269,5624,0,0,5598,26,10,2475,42,3911,22,1347,1229,150,1916,960,1449,1096,19.4879,0,1.64231,0,2
18,269,5554,0,0,5535,19,8,2568,42,3835,19,1306,1175,158,1947,949,1349,996,17.933,0,1.62206,0,2
19,269,5666,0,0,5652,14,4,2527,38,3961,28,1406,1173,169,1922,968,1325,1029,18.161,0,1.6559,0,2
20,269,5578,0,0,5545,33,18,2628,42,3919,22,1319,1167,160,1955,955,1369,1049,18.806,0,1.64447,0,2
21,269,5436,0,0,5403,33,17,2637,42,4097,28,1295,1152,162,1856,943,1341,993,18.2671,0,1.69405,0,2
22,269,5588,0,0,5560,28,19,2532,39,4155,29,1362,1221,186,1813,977,1359,1009,18.0565,0,1.71086,0,2
23,269,5657,0,0,5627,30,16,2575,42,3872,21,1344,1203,166,1916,1007,1402,1100,19.4449,0,1.63185,0,2
24,269,5463,0,0,5443,20,11,2545,41,3976,19,1270,1139,167,1883,985,1311,977,17.8839,0,1.66003,0,2
25,269,5447,0,0,5423,24,10,2539,38,3826,26,1277,1175,159,1868,942,1333,1016,18.6525,0,1.6197,0,2
26,269,5601,0,0,5565,36,24,2535,42,3916,23,1287,1157,191,1931,1012,1371,1051,18.7645,0,1.64366,0,2
27,269,5624,0,0,5596,28,15,2379,42,3634,22,1380,1223,158,1920,921,1354,1017,18.0832,0,1.57085,0,2
28,269,5581,0,0,5559,22,9,2613,41,3880,23,1360,1165,179,1866,988,1377,1016,18.2046,0,1.63399,0,2
29,269,5537,0,0,5517,20,5,2512,40,3652,23,1268,1197,157,1882,1010,1370,1034,18.6744,0,1.5753,0,2
30,269,5602,0,0,5587,15,1,2425,41,3659,17,1323,1215,171,1870,1006,1378,1069,19.0825,0,1.57704,0,2
31,269,5635,0,0,5601,34,20,2589,40,4118,23,1312,1183,137,2014,966,1450,1112,19.7338,0,1.7001,0,2
32,269,5462,0,0,5438,24,12,2506,40,3747,16,1288,1141,176,1850,991,1347,1002,18.3449,0,1.59923,0,2
33,269,5613,0,0,5586,27,16,2635,48,4119,17,1384,1192,172,1877,971,1401,1077,19.1876,0,1.70039,0,2
34,269,5609,0,0,5585,24,11,2393,42,3825,19,1421,1152,161,1907,949,1384,1046,18.6486,0,1.61943,0,2
35,269,5662,0,0,5616,46,34,2609,39,3861,17,1324,1236,167,1976,942,1419,1070,18.8979,0,1.62893,0,2
36,269,5558,0,0,5528,30,19,2593,40,3968,22,1326,1126,168,1905,1011,1405,1058,19.0356,0,1.65782,0,2
37,269,5552,0,0,5535,17,1,2441,43,3521,14,1324,1232,138,1883,961,1353,1016,18.2997,0,1.54345,0,2
38,269,5709,0,0,5689,20,8,2503,45,3746,14,1414,1209,181,1920,971,1429,1064,18.6372,0,1.59898,0,2
39,269,5508,0,0,5482,26,14,2470,45,3893,14,1299,1126,163,1959,947,1399,1044,18.9542,0,1.63747,0,2
40,269,5568,0,0,5532,36,14,2429,49,3826,23,1300,1182,165,1941,957,1409,1018,18.283,0,1.6197,0,2
41,269,5582,0,0,5554,28,16,2506,44,4006,14,1296,1231,198,1920,923,1396,1047,18.7567,0,1.66834,0,2
42,269,5582,0,0,5537,45,33,2525,39,3775,16,1295,1177,146,1956,992,1345,1013,18.1476,0,1.60643,0,2
43,269,5603,0,0,5570,33,9,2639,41,3987,22,1300,1205,176,1930,970,1389,1039,18.5436,0,1.66306,0,2
44,269,5561,0,0,5512,49,33,2565,41,3753,23,1312,1136,173,1946,971,1402,1064,19.1332,0,1.60077,0,2
45,269,5601,0,0,5589,12,1,2493,40,4050,22,1313,1196,165,1915,990,1373,1027,18.336,0,1.68067,0,2
46,269,5619,0,0,5584,35,14,2399,42,3859,23,1377,1220,165,1907,927,1414,1042,18.5442,0,1.6284,0,2
47,269,5579,0,0,5552,27,14,2592,45,3953,16,1355,1172,156,1938,942,1407,1083,19.4121,0,1.65371,0,2
48,269,5598,0,0,5557,41,19,2531,43,4042,24,1353,1198,155,1859,1009,1416,1059,18.9175,0,1.67842,0,2
49,269,5502,0,0,5482,20,8,2465,42,3844,22,1284,1219,160,1844,973,1317,975,17.7208,0,1.62443,0,2
50,269,5727,0,0,5711,16,7,2563,39,3912,25,1374,1353,164,1921,890,1406,1087,18.9803,0,1.64258,0,2
51,269,5630,0,0,5604,26,11,2545,45,3944,19,1317,1163,170,1985,976,1425,1059,18.8099,0,1.65125,0,2
52,269,5527,0,0,5502,25,11,2437,41,3476,21,1272,1163,165,1922,984,1382,1031,18.6539,0,1.5328,0,2
53,269,5501,0,0,5470,31,16,2373,47,3942,18,1253,1183,169,1926,952,1396,1057,19.2147,0,1.65071,0,2
54,269,5622,0,0,5595,27,10,2531,37,3636,21,1344,1214,155,1888,1000,1372,1044,18.5699,0,1.57134,0,2
55,269,5550,0,0,5514,36,18,2561,48,3934,22,1339,1182,177,1905,925,1415,1078,19.4234,0,1.64853,0,2
56,269,5683,0,0,5642,41,27,2642,44,3959,18,1341,1205,175,1992,952,1376,1038,18.265,0,1.65536,0,2
57,269,5509,0,0,5489,20,5,2363,42,3749,18,1307,1156,168,1876,984,1362,1037,18.8237,0,1.59974,0,2
58,269,5580,0,0,5564,16,6,2315,42,3495,21,1319,1183,180,1911,966,1350,1028,18.4229,0,1.53728,0,2
59,269,5580,0,0,5561,19,4,2409,40,3746,26,1344,1202,177,1862,969,1452,1097,19.6595,0,1.59898,0,2
60,269,5497,0,0,5468,29,18,2379,43,4035,30,1310,1188,159,1859,951,1367,1040,18.9194,0,1.67645,0,2
61,269,5537,0,0,5520,17,2,2588,43,3947,26,1326,1138,168,1876,1003,1353,1046,18.8911,0,1.65207,0,2
62,269,5502,0,0,5462,40,26,2414,42,3901,26,1295,1177,157,1864,983,1335,1044,18.9749,0,1.63961,0,2
63,269,5686,0,0,5651,35,20,2497,43,3836,22,1383,1183,175,1961,962,1441,1067,18.7654,0,1.62232,0,2
64,269,5577,0,0,5541,36,15,2415,41,3912,22,1352,1198,161,1896,948,1351,1024,18.3611,0,1.64258,0,2
65,269,5584,0,0,5547,37,17,2512,47,4236,14,1303,1199,157,1905,1006,1418,1051,18.8216,0,1.73491,0,2
66,269,5475,0,0,5454,21,12,2427,41,3595,21,1273,1187,164,1848,982,1403,1070,19.5434,0,1.56128,0,2
67,269,5681,0,0,5651,30,12,2594,42,4061,20,1406,1244,148,1908,955,1406,1054,18.5531,0,1.68379,0,2
68,269,5446,0,0,5430,16,3,2454,40,3766,20,1319,1101,181,1901,924,1314,951,17.4624,0,1.60411,0,2
69,269,5635,0,0,5606,29,8,2481,46,4034,17,1372,1174,179,1917,976,1441,1092,19.3789,0,1.67616,0,2
70,269,5562,0,0,5531,31,14,2460,40,3870,21,1273,1223,140,1932,973,1360,1011,18.1769,0,1.63132,0,2
71,269,5596,0,0,5561,35,22,2579,42,4289,24,1334,1190,193,1888,967,1345,1027,18.3524,0,1.75101,0,2
72,269,5572,0,0,5558,14,2,2598,42,4250,20,1269,1199,166,1940,978,1406,1095,19.6518,0,1.73913,0,2
73,269,5566,0,0,5531,35,22,2612,39,4199,30,1308,1169,157,1941,961,1364,1016,18.2537,0,1.72384,0,2
74,269,5586,0,0,5567,19,3,2381,42,4012,23,1410,1155,162,1869,967,1365,969,17.3469,0,1.67001,0,2
75,269,5592,0,0,5577,15,6,2364,40,3627,26,1371,1173,176,1912,934,1355,1014,18.133,0,1.56912,0,2
76,269,5382,0,0,5352,30,9,2382,45,4013,25,1239,1158,146,1797,1017,1343,1003,18.6362,0,1.67029,0,2
77,269,5563,0,0,5547,16,7,2495,38,3682,25,1324,1219,147,1917,931,1415,1079,19.396,0,1.58278,0,2
78,269,5650,0,0,5629,21,15,2387,42,3828,24,1288,1252,170,1941,975,1375,1013,17.9292,0,1.62022,0,2
79,269,5634,0,0,5616,18,9,2462,49,3868,12,1377,1222,142,1897,984,1344,1023,18.1576,0,1.63079,0,2
80,269,5541,0,0,5518,23,7,2503,47,3946,16,1322,1172,151,1928,952,1378,1017,18.3541,0,1.6518,0,2
81,269,5586,0,0,5546,40,26,2563,44,4073,22,1381,1177,162,1855,989,1369,1005,17.9914,0,1.68719,0,2
82,269,5619,0,0,5576,43,26,2605,41,3916,17,1340,1247,175,1875,965,1359,1036,18.4374,0,1.64366,0,2
83,269,5655,0,0,5635,20,2,2675,44,4081,18,1342,1175,178,1987,955,1413,1062,18.7798,0,1.68947,0,2
84,269,5649,0,0,5625,24,11,2549,42,4027,19,1350,1214,155,1938,973,1398,1062,18.7998,0,1.6742,0,2
85,269,5580,0,0,5552,28,13,2591,39,4091,30,1267,1206,153,1978,946,1356,1017,18.2258,0,1.69233,0,2
86,269,5724,0,0,5695,29,16,2470,42,3929,21,1437,1139,164,1938,1025,1405,1032,18.0294,0,1.64718,0,2
87,269,5636,0,0,5585,51,37,2446,44,4154,21,1353,1218,173,1930,941,1387,1021,18.1157,0,1.71057,0,2
88,269,5490,0,0,5466,24,5,2494,44,3834,19,1333,1121,142,1911,964,1331,1017,18.5246,0,1.6218,0,2
89,269,5510,0,0,5496,14,5,2446,43,3609,19,1326,1176,153,1876,960,1342,1020,18.5118,0,1.5647,0,2
90,269,5517,0,0,5503,14,4,2484,49,3920,19,1272,1181,146,1896,1003,1337,1001,18.1439,0,1.64474,0,2
91,269,5611,0,0,5582,29,13,2456,45,3928,29,1350,1202,154,1897,979,1414,1071,19.0875,0,1.6469,0,2
92,269,5586,0,0,5563,23,12,2549,42,4134,23,1308,1189,130,1915,1021,1381,1009,18.063,0,1.70474,0,2
93,269,5452,0,0,5409,43,24,2523,41,3885,25,1310,1174,148,1834,961,1368,1035,18.9839,0,1.63532,0,2
94,269,5585,0,0,5565,20,7,2350,43,3777,16,1333,1195,172,1923,946,1412,1047,18.7466,0,1.60694,0,2
95,269,5531,0,0,5506,25,10,2293,41,3627,14,1322,1126,178,1926,965,1391,1042,18.8393,0,1.56912,0,2
96,269,5527,0,0,5504,23,12,2480,46,3606,17,1325,1169,148,1902,966,1386,1026,18.5634,0,1.56397,0,2
97,269,5599,0,0,5558,41,27,2538,37,3838,25,1351,1186,171,1909,957,1410,1081,19.307,0,1.62285,0,2
98,269,5528,0,0,5502,26,12,2371,42,3783,21,1345,1163,161,1914,924,1401,1068,19.3198,0,1.60849,0,2
99,269,5550,0,0,5513,37,19,2613,45,4059,22,1265,1188,151,1960,964,1364,1044,18.8108,0,1.68322,0,2
100,269,5546,0,0,5525,21,5,2488,41,4056,21,1341,1203,149,1882,950,1490,1128,20.339,0,1.68237,0,2
101,269,5573,0,0,5554,19,0,2489,46,4119,22,1361,1179,170,1899,942,1400,1066,19.1279,0,1.70039,0,2
102,269,5551,0,0,5511,40,21,2561,44,3833,16,1286,1220,147,1890,992,1365,1033,18.6093,0,1.62153,0,2
103,269,5631,0,0,5606,25,14,2555,44,3954,18,1367,1175,163,1962,946,1375,1060,18.8244,0,1.65399,0,2
104,269,5559,0,0,5539,20,11,2404,44,3714,13,1376,1136,156,1920,958,1362,1014,18.2407,0,1.59084,0,2
105,269,5446,0,0,5422,24,8,2463,46,4069,11,1262,1188,165,1884,936,1366,1038,19.0599,0,1.68606,0,2
106,269,5550,0,0,5533,17,0,2329,41,3698,21,1319,1212,168,1874,956,1340,997,17.964,0,1.5868,0,2
107,269,5575,0,0,5549,26,12,2463,43,3788,21,1307,1207,161,1914,965,1418,1064,19.0852,0,1.60979,0,2
108,269,5558,0,0,5542,16,8,2323,41,3683,18,1306,1218,148,1856,1012,1474,1092,19.6474,0,1.58303,0,2
109,269,5476,0,0,5449,27,15,2577,41,4001,17,1330,1159,153,1900,917,1318,986,18.0058,0,1.66694,0,2
110,269,5600,0,0,5585,15,5,2394,45,3636,23,1298,1204,160,1929,986,1402,1048,18.7143,0,1.57134,0,2
111,269,5598,0,0,5569,29,16,2392,41,3703,23,1352,1176,154,1898,995,1454,1079,19.2747,0,1.58806,0,2
112,269,5537,0,0,5502,35,24,2552,39,3929,20,1329,1203,158,1897,930,1393,1058,19.1078,0,1.64718,0,2
113,269,5537,0,0,5496,41,28,2589,41,4028,21,1309,1265,167,1802,973,1397,1037,18.7286,0,1.67448,0,2
114,269,5622,0,0,5601,21,11,2694,44,4216,21,1303,1193,165,1983,957,1376,1037,18.4454,0,1.72891,0,2
115,269,5588,0,0,5552,36,15,2445,45,3772,24,1283,1200,170,1893,1018,1386,1064,19.0408,0,1.60565,0,2
116,269,5524,0,0,5505,19,1,2524,46,3718,17,1313,1199,172,1863,960,1359,1012,18.3201,0,1.59185,0,2
117,269,5610,0,0,5576,34,16,2621,37,3876,29,1330,1185,172,1931,963,1408,1061,18.9127,0,1.63292,0,2
118,269,5580,0,0,5542,38,22,2458,54,4249,12,1317,1184,161,1923,983,1384,1067,19.1219,0,1.73883,0,2
119,269,5545,0,0,5519,26,10,2451,50,3851,16,1392,1154,154,1899,930,1366,1034,18.6474,0,1.62628,0,2
120,269,5577,0,0,5556,21,11,2444,39,3837,24,1343,1221,168,1866,955,1412,1076,19.2935,0,1.62259,0,2
121,269,5608,0,0,5573,35,17,2455,42,3895,19,1294,1228,179,1937,951,1397,1063,18.9551,0,1.638,0,2
122,269,5482,0,0,5463,19,11,2509,43,3980,21,1290,1158,167,1883,963,1321,997,18.1868,0,1.66113,0,2
123,269,5522,0,0,5506,16,4,2547,39,3806,17,1286,1151,141,1935,992,1410,1046,18.9424,0,1.61447,0,2
124,269,5638,0,0,5611,27,12,2468,44,3780,15,1375,1121,162,1971,994,1454,1123,19.9184,0,1.60772,0,2
125,269,5606,0,0,5564,42,31,2567,41,4004,22,1360,1180,158,1881,1005,1414,1055,18.8191,0,1.66778,0,2
126,269,5549,0,0,5506,43,27,2478,42,3720,26,1353,1214,162,1844,950,1363,1029,18.5439,0,1.59236,0,2
127,269,5545,0,0,5498,47,29,2482,42,3896,27,1319,1144,144,1905,1006,1379,1035,18.6655,0,1.63827,0,2
128,269,5561,0,0,5534,27,12,2476,39,3994,20,1327,1161,164,1912,977,1345,1010,18.1622,0,1.665,0,2
129,269,5544,0,0,5520,24,6,2493,40,3931,19,1330,1197,167,1888,943,1437,1105,19.9315,0,1.64772,0,2
130,269,5647,0,0,5614,33,19,2471,42,3835,21,1340,1209,159,1972,946,1394,1054,18.6648,0,1.62206,0,2
131,269,5538,0,0,5505,33,17,2490,37,3709,28,1296,1168,169,1899,978,1361,1006,18.1654,0,1.58957,0,2
132,269,5583,0,0,5560,23,9,2443,44,3858,16,1345,1202,144,1914,962,1387,1038,18.5922,0,1.62813,0,2
133,269,5556,0,0,5522,34,21,2600,42,4091,20,1348,1171,146,1949,922,1356,1041,18.7365,0,1.69233,0,2
134,269,5604,0,0,5585,19,8,2733,37,4211,25,1327,1190,164,1959,939,1382,1024,18.2727,0,1.72741,0,2
135,269,5554,0,0,5523,31,18,2442,39,3651,21,1330,1169,165,1942,927,1355,1016,18.2931,0,1.57505,0,2
136,269,5565,0,0,5552,13,0,2411,41,3780,28,1300,1190,157,1896,994,1413,1061,19.0656,0,1.60772,0,2
137,269,5649,0,0,5619,30,15,2558,38,3861,23,1364,1170,157,1948,987,1376,1028,18.1979,0,1.62893,0,2
138,269,5622,0,0,5611,11,2,2521,43,4085,19,1326,1152,168,1998,959,1456,1086,19.317,0,1.69062,0,2
139,269,5598,0,0,5555,43,25,2474,37,3666,26,1404,1130,152,1944,942,1394,1040,18.5781,0,1.57878,0,2
140,269,5607,0,0,5577,30,20,2531,42,3843,21,1283,1246,163,1887,1007,1348,996,17.7635,0,1.62417,0,2
141,269,5597,0,0,5566,31,12,2501,38,3754,18,1345,1236,149,1842,1007,1417,1081,19.3139,0,1.60102,0,2
142,269,5612,0,0,5573,39,24,2511,47,3791,12,1326,1241,165,1956,912,1427,1089,19.4048,0,1.61057,0,2
143,269,5633,0,0,5610,23,11,2655,44,4090,23,1421,1115,148,1942,984,1408,1056,18.7467,0,1.69205,0,2
144,269,5543,0,0,5515,28,10,2513,40,3605,26,1359,1117,158,1941,942,1350,1037,18.7083,0,1.56372,0,2
145,269,5688,0,0,5649,39,24,2646,47,4178,17,1430,1227,179,1912,923,1350,1028,18.0731,0,1.71762,0,2
146,269,5475,0,0,5447,28,20,2412,50,3912,13,1291,1137,150,1916,968,1355,1002,18.3014,0,1.64258,0,2
147,269,5554,0,0,5518,36,19,2510,43,3879,15,1329,1161,174,1910,965,1379,1035,18.6352,0,1.63372,0,2
148,269,5571,0,0,5536,35,24,2613,39,4158,25,1312,1171,156,1893,1014,1376,1032,18.5245,0,1.71174,0,2
149,269,5523,0,0,5499,24,11,2387,44,3964,19,1341,1208,148,1906,901,1379,1047,18.9571,0,1.65673,0,2
150,269,5535,0,0,5485,50,35,2506,46,3998,21,1273,1190,171,1924,956,1339,992,17.9223,0,1.66611,0,2
151,269,5522,0,0,5495,27,13,2405,39,3755,21,1324,1177,166,1916,918,1397,1052,19.0511,0,1.60128,0,2
152,269,5606,0,0,5573,33,27,2575,41,4004,22,1347,1188,172,1901,976,1430,1065,18.9975,0,1.66778,0,2
153,269,5601,0,0,5578,23,9,2567,44,4084,26,1328,1197,185,1895,970,1375,1024,18.2824,0,1.69033,0,2
154,269,5562,0,0,5535,27,7,2494,44,4004,22,1333,1133,145,1953,976,1412,1040,18.6983,0,1.66778,0,2
155,269,5564,0,0,5534,30,13,2456,42,4076,29,1333,1151,174,1919,958,1415,1051,18.8893,0,1.68805,0,2
156,269,5571,0,0,5523,48,25,2508,44,3831,18,1292,1228,152,1947,934,1403,1079,19.3682,0,1.62101,0,2
157,269,5548,0,0,5521,27,16,2421,51,4012,11,1298,1166,213,1893,967,1351,1011,18.2228,0,1.67001,0,2
158,269,5495,0,0,5480,15,4,2284,45,3563,14,1284,1197,148,1887,965,1439,1105,20.1092,0,1.55352,0,2
159,269,5532,0,0,5501,31,17,2501,43,3828,24,1316,1192,149,1916,935,1309,1030,18.6189,0,1.62022,0,2
160,269,5581,0,0,5542,39,24,2453,40,3567,21,1354,1101,184,1936,985,1371,1031,18.4734,0,1.55448,0,2
161,269,5468,0,0,5428,40,25,2280,44,3757,19,1328,1222,149,1782,968,1359,1021,18.6723,0,1.60179,0,2
162,269,5573,0,0,5529,44,24,2457,41,4011,15,1307,1216,157,1914,964,1365,1020,18.3025,0,1.66973,0,2
163,269,5481,0,0,5459,22,8,2347,36,3636,24,1297,1165,155,1866,974,1407,1065,19.4308,0,1.57134,0,2
164,269,5531,0,0,5507,24,8,2333,42,3655,21,1349,1153,177,1888,943,1416,1093,19.7613,0,1.57604,0,2
165,269,5548,0,0,5524,24,3,2455,45,4063,22,1326,1215,171,1835,979,1470,1099,19.8089,0,1.68435,0,2
166,269,5488,0,0,5465,23,12,2350,39,3484,24,1315,1186,177,1839,947,1398,1064,19.3878,0,1.53468,0,2
167,269,5584,0,0,5550,34,21,2469,40,3597,21,1373,1165,161,1873,991,1437,1067,19.1082,0,1.56177,0,2
168,269,5572,0,0,5548,24,11,2502,44,4085,22,1317,1188,172,1933,940,1368,1037,18.6109,0,1.69062,0,2
169,269,5589,0,0,5558,31,16,2483,39,3751,23,1307,1180,171,1917,991,1385,1047,18.7332,0,1.60026,0,2
170,269,5683,0,0,5666,17,3,2427,41,3853,20,1393,1205,185,1936,944,1399,1061,18.6697,0,1.62681,0,2
171,269,5528,0,0,5490,38,21,2638,40,3967,27,1280,1189,153,1908,971,1383,1046,18.9219,0,1.65755,0,2
172,269,5427,0,0,5390,37,26,2577,42,4032,20,1273,1194,168,1817,955,1364,1016,18.7212,0,1.6756,0,2
173,269,5623,0,0,5570,53,35,2671,38,4019,20,1339,1213,166,1850,1035,1401,1048,18.6377,0,1.67196,0,2
174,269,5627,0,0,5593,34,14,2561,49,4020,14,1341,1182,164,1960,966,1405,1059,18.82,0,1.67224,0,2
175,269,5644,0,0,5630,14,5,2495,39,3866,22,1351,1213,175,1865,1018,1405,1090,19.3125,0,1.63026,0,2
176,269,5621,0,0,5610,11,0,2440,47,3757,14,1338,1277,152,1841,999,1424,1066,18.9646,0,1.60179,0,2
177,269,5539,0,0,5505,34,16,2635,38,4022,21,1323,1154,170,1912,959,1416,1078,19.462,0,1.6728,0,2
178,269,5496,0,0,5469,27,15,2597,45,4151,16,1296,1164,152,1918,950,1387,1029,18.7227,0,1.70969,0,2
179,269,5591,0,0,5574,17,6,2438,43,3969,17,1346,1148,175,1926,979,1386,1047,18.7265,0,1.6581,0,2
180,269,5607,0,0,5566,41,24,2562,43,3998,20,1359,1217,191,1852,968,1389,1052,18.7623,0,1.66611,0,2
181,269,5684,0,0,5671,13,2,2613,43,4227,22,1392,1229,176,1910,955,1384,1076,18.9303,0,1.7322,0,2
182,269,5562,0,0,5530,32,20,2491,46,3915,17,1303,1217,167,1924,934,1378,1060,19.0579,0,1.64339,0,2
183,269,5586,0,0,5539,47,33,2597,44,4050,17,1355,1185,166,1914,949,1405,1068,19.1192,0,1.68067,0,2
184,269,5557,0,0,5531,26,16,2472,45,3847,17,1355,1225,144,1849,967,1394,1054,18.9671,0,1.62522,0,2
185,269,5695,0,0,5649,46,26,2433,43,3951,21,1329,1246,177,1912,1010,1427,1097,19.2625,0,1.65317,0,2
186,269,5640,0,0,5608,32,16,2547,39,3931,22,1307,1182,183,1948,998,1382,1019,18.0674,0,1.64772,0,2
187,269,5513,0,0,5501,12,0,2393,39,3663,22,1289,1124,168,1943,967,1318,986,17.885,0,1.57803,0,2
188,269,5555,0,0,5521,34,21,2547,41,4025,14,1307,1201,161,1901,971,1410,1054,18.9739,0,1.67364,0,2
189,269,5458,0,0,5442,16,6,2427,44,4056,29,1320,1166,181,1756,1006,1351,1031,18.8897,0,1.68237,0,2
190,269,5589,0,0,5556,33,19,2503,43,4054,19,1316,1166,157,1975,956,1386,1081,19.3416,0,1.6818,0,2
191,269,5635,0,0,5617,18,6,2561,41,3829,24,1368,1215,139,1904,985,1378,1053,18.6868,0,1.62048,0,2
192,269,5634,0,0,5594,40,29,2569,43,4100,25,1358,1201,170,1905,975,1412,1073,19.0451,0,1.69492,0,2
193,269,5625,0,0,5597,28,17,2518,47,3988,12,1323,1203,194,1872,1021,1410,1086,19.3067,0,1.66334,0,2
194,269,5565,0,0,5540,25,13,2437,44,3816,24,1353,1181,170,1913,924,1428,1084,19.4789,0,1.61708,0,2
195,269,5533,0,0,5505,28,19,2509,42,4054,23,1303,1192,171,1815,1029,1389,1066,19.2662,0,1.6818,0,2
196,269,5668,0,0,5636,32,17,2564,39,3915,28,1297,1237,162,1953,991,1429,1061,18.7191,0,1.64339,0,2
197,269,5571,0,0,5536,35,16,2398,39,3584,25,1377,1153,164,1900,952,1385,1067,19.1528,0,1.5586,0,2
198,269,5566,0,0,5539,27,9,2665,40,4031,21,1322,1138,152,1984,949,1439,1093,19.6371,0,1.67532,0,2
199,269,5612,0,0,5573,39,28,2541,44,4082,14,1328,1185,163,1921,1001,1337,1013,18.0506,0,1.68976,0,2
200,269,5498,0,0,5480,18,8,2539,41,3855,17,1303,1189,144,1883,962,1352,1019,18.534,0,1.62734,0,2
201,269,5669,0,0,5651,18,4,2535,41,3832,22,1384,1173,167,1932,991,1374,1045,18.4336,0,1.62127,0,2
202,269,5522,0,0,5502,20,6,2427,42,3806,21,1300,1195,156,1916,934,1376,1057,19.1416,0,1.61447,0,2
203,269,5674,0,0,5647,27,14,2533,44,3904,21,1426,1192,169,1898,968,1418,1098,19.3514,0,1.64042,0,2
204,269,5428,0,0,5407,21,5,2498,44,3793,10,1291,1129,145,1884,969,1349,995,18.3309,0,1.61108,0,2
205,269,5613,0,0,5593,20,8,2273,48,3844,19,1315,1223,173,1917,966,1408,1082,19.2767,0,1.62443,0,2
206,269,5611,0,0,5584,27,12,2710,42,4063,22,1286,1211,157,1899,1036,1375,1047,18.6598,0,1.68435,0,2
207,269,5604,0,0,5574,30,20,2336,45,3621,13,1366,1194,131,1932,968,1393,1051,18.7545,0,1.56764,0,2
208,269,5609,0,0,5580,29,13,2598,43,3900,14,1342,1137,159,1953,1004,1421,1085,19.3439,0,1.63934,0,2
209,269,5626,0,0,5589,37,29,2622,42,3919,27,1303,1155,185,1967,989,1383,1048,18.6278,0,1.64447,0,2
210,269,5502,0,0,5483,19,6,2423,39,3764,21,1298,1195,152,1878,958,1411,1044,18.9749,0,1.60359,0,2
211,269,5603,0,0,5586,17,3,2440,50,3861,14,1356,1177,161,1929,966,1373,1031,18.4009,0,1.62893,0,2
212,269,5520,0,0,5489,31,16,2311,46,3870,20,1331,1191,158,1854,966,1358,1021,18.4964,0,1.63132,0,2
213,269,5519,0,0,5497,22,6,2506,46,3991,20,1281,1159,168,1928,963,1396,1047,18.9708,0,1.66417,0,2
214,269,5623,0,0,5605,18,8,2573,40,4093,21,1306,1236,159,1968,933,1412,1072,19.0646,0,1.69291,0,2
215,269,5573,0,0,5562,11,3,2489,39,4033,22,1337,1171,161,1913,969,1390,1049,18.8229,0,1.67588,0,2
216,269,5558,0,0,5542,16,8,2547,41,4011,20,1291,1216,183,1921,927,1393,1046,18.8197,0,1.66973,0,2
217,269,5646,0,0,5609,37,24,2566,45,4246,19,1387,1196,150,1944,950,1448,1044,18.491,0,1.73792,0,2
218,269,5592,0,0,5568,24,9,2561,40,3907,20,1301,1203,155,1989,924,1398,1068,19.0987,0,1.64123,0,2
219,269,5605,0,0,5569,36,17,2430,45,3813,18,1362,1138,171,1926,990,1379,1031,18.3943,0,1.61629,0,2
220,269,5553,0,0,5527,26,11,2676,41,3827,25,1369,1114,153,1906,986,1376,1023,18.4225,0,1.61996,0,2
221,269,5556,0,0,5524,32,19,2499,45,3944,15,1295,1172,171,1922,981,1388,1057,19.0245,0,1.65125,0,2
222,269,5513,0,0,5495,18,8,2453,40,3674,23,1350,1162,166,1859,953,1391,1032,18.7194,0,1.58078,0,2
223,269,5615,0,0,5601,14,4,2539,42,4183,23,1301,1237,172,1923,959,1439,1082,19.2698,0,1.7191,0,2
224,269,5648,0,0,5630,18,13,2612,39,3974,20,1365,1244,157,1886,976,1424,1059,18.75,0,1.65948,0,2
225,269,5581,0,0,5566,15,8,2485,44,4064,16,1334,1177,172,1913,969,1394,1040,18.6347,0,1.68464,0,2
226,269,5518,0,0,5487,31,14,2463,45,3956,16,1344,1152,161,1879,966,1390,1048,18.9924,0,1.65453,0,2
227,269,5531,0,0,5513,18,11,2493,40,3709,21,1323,1149,156,1903,979,1405,1071,19.3636,0,1.58957,0,2
228,269,5590,0,0,5558,32,16,2550,47,3822,17,1303,1179,161,1944,986,1412,1035,18.5152,0,1.61865,0,2
229,269,5514,0,0,5477,37,23,2430,47,4130,19,1396,1206,177,1800,916,1399,1049,19.0243,0,1.70358,0,2
230,269,5515,0,0,5480,35,18,2545,45,3972,17,1289,1146,165,1924,974,1368,1055,19.1296,0,1.65893,0,2
231,269,5648,0,0,5626,22,11,2586,48,4093,11,1368,1203,173,1908,985,1359,1030,18.2365,0,1.69291,0,2
232,269,5581,0,0,5565,16,3,2442,43,3701,20,1293,1180,172,2010,906,1402,1043,18.6884,0,1.58755,0,2
233,269,5611,0,0,5577,34,22,2478,47,3894,12,1325,1138,168,1976,992,1439,1092,19.4618,0,1.63773,0,2
234,269,5606,0,0,5572,34,21,2537,41,3889,17,1354,1178,155,1924,978,1368,1038,18.5159,0,1.63639,0,2
235,269,5523,0,0,5488,35,17,2545,44,4140,16,1356,1167,145,1877,962,1345,1025,18.5588,0,1.70648,0,2
236,269,5545,0,0,5518,27,18,2488,52,4014,11,1284,1204,175,1892,979,1369,1058,19.0803,0,1.67056,0,2
237,269,5488,0,0,5455,33,18,2456,43,3936,21,1262,1206,165,1885,949,1373,1035,18.8593,0,1.64908,0,2
238,269,5639,0,0,5614,25,11,2542,43,3947,19,1347,1182,169,1928,994,1389,1058,18.7622,0,1.65207,0,2
239,269,5634,0,0,5596,38,21,2643,40,4275,24,1346,1242,160,1907,955,1420,1066,18.9208,0,1.74672,0,2
240,269,5567,0,0,5538,29,21,2357,47,3692,19,1311,1197,167,1883,990,1378,1004,18.0348,0,1.58529,0,2
241,269,5591,0,0,5573,18,5,2578,44,3818,19,1322,1217,158,1943,932,1375,1050,18.7802,0,1.6176,0,2
242,269,5482,0,0,5456,26,9,2452,50,3633,16,1314,1131,165,1887,969,1360,1055,19.2448,0,1.5706,0,2
243,269,5696,0,0,5683,13,4,2606,40,4116,21,1398,1170,159,1913,1035,1385,1034,18.1531,0,1.69952,0,2
244,269,5570,0,0,5546,24,15,2503,42,3803,24,1318,1176,139,1964,949,1379,1058,18.9946,0,1.61368,0,2
245,269,5593,0,0,5541,52,37,2526,45,3872,18,1287,1175,182,1908,1023,1373,1041,18.6126,0,1.63185,0,2
246,269,5510,0,0,5483,27,9,2449,44,4024,12,1345,1187,157,1848,961,1372,1032,18.7296,0,1.67336,0,2
247,269,5596,0,0,5554,42,31,2555,40,3946,17,1305,1216,181,1893,984,1425,1049,18.7455,0,1.6518,0,2
248,269,5522,0,0,5491,31,16,2572,42,3943,25,1337,1192,175,1912,881,1375,1051,19.033,0,1.65098,0,2
249,269,5508,0,0,5492,16,7,2415,48,4048,20,1312,1219,170,1836,951,1362,1020,18.5185,0,1.68011,0,2
250,269,5578,0,0,5540,38,25,2370,42,3736,20,1339,1194,161,1845,1019,1402,1058,18.9674,0,1.59642,0,2
251,269,5550,0,0,5526,24,15,2578,42,4101,15,1369,1157,160,1914,935,1407,1057,19.045,0,1.6952,0,2
252,269,5601,0,0,5580,21,13,2502,45,3907,14,1340,1158,168,1905,1016,1334,961,17.1577,0,1.64123,0,2
253,269,5608,0,0,5575,33,12,2593,41,3778,17,1324,1217,192,1884,974,1414,1049,18.7054,0,1.6072,0,2
254,269,5629,0,0,5582,47,34,2550,40,4015,19,1337,1165,156,1971,981,1378,1025,18.2093,0,1.67084,0,2
255,269,5659,0,0,5629,30,22,2578,46,3843,18,1316,1133,173,1953,1066,1399,1033,18.2541,0,1.62417,0,2
256,269,5624,0,0,5599,25,9,2491,43,3974,21,1360,1228,163,1879,973,1415,1046,18.5989,0,1.65948,0,2
257,269,5496,0,0,5453,43,30,2523,44,4119,21,1341,1177,156,1853,948,1330,1006,18.3042,0,1.70039,0,2
258,269,5539,0,0,5523,16,2,2537,41,3882,24,1332,1128,160,1902,993,1393,1070,19.3176,0,1.63452,0,2
259,269,5512,0,0,5471,41,24,2419,45,3909,18,1298,1195,161,1899,941,1375,1042,18.9042,0,1.64177,0,2
260,269,5594,0,0,5573,21,10,2550,37,3940,30,1343,1189,141,1897,994,1365,1034,18.4841,0,1.65017,0,2
261,269,5694,0,0,5665,29,12,2496,47,3963,17,1400,1155,166,1930,1026,1445,1063,18.6688,0,1.65645,0,2
262,269,5524,0,0,5491,33,20,2531,39,3891,24,1313,1210,150,1915,912,1395,1061,19.2071,0,1.63693,0,2
263,269,5533,0,0,5492,41,28,2504,43,3948,24,1304,1183,176,1890,956,1401,1030,18.6156,0,1.65235,0,2
264,269,5674,0,0,5640,34,22,2462,41,3824,21,1349,1203,181,1932,988,1439,1103,19.4395,0,1.61917,0,2
265,269,5608,0,0,5584,24,5,2517,45,3899,13,1371,1148,175,1922,979,1383,1027,18.3131,0,1.63908,0,2
266,269,5642,0,0,5597,45,31,2519,41,3944,25,1376,1223,171,1875,972,1417,1075,19.0535,0,1.65125,0,2
267,269,5651,0,0,5617,34,18,2445,40,3828,15,1385,1232,153,1849,1017,1484,1124,19.8903,0,1.62022,0,2
268,269,5563,0,0,5514,49,38,2618,40,4137,23,1347,1207,179,1877,930,1424,1089,19.5758,0,1.70561,0,2
269,269,5491,0,0,5475,16,2,2469,53,3959,11,1287,1210,166,1871,946,1338,987,17.9749,0,1.65536,0,2
270,269,5482,0,0,5448,34,16,2223,46,4118,17,1357,1195,143,1746,1024,1372,1044,19.0441,0,1.7001,0,2
271,269,5543,0,0,5525,18,12,2499,43,3735,22,1309,1200,146,1939,927,1362,1024,18.4738,0,1.59617,0,2
272,269,5626,0,0,5598,28,20,2429,42,3886,20,1366,1264,172,1851,953,1366,1028,18.2723,0,1.63559,0,2
273,269,5528,0,0,5500,28,17,2495,44,4176,16,1328,1136,165,1879,1004,1412,1055,19.0847,0,1.71703,0,2
274,269,5713,0,0,5685,28,14,2671,42,4210,18,1375,1250,176,1935,959,1417,1055,18.4667,0,1.72712,0,2
275,269,5655,0,0,5621,34,28,2572,43,3971,17,1336,1208,168,1955,971,1391,1061,18.7622,0,1.65865,0,2
276,269,5598,0,0,5574,24,12,2346,42,3982,24,1285,1238,187,1880,984,1339,1009,18.0243,0,1.66168,0,2
277,269,5637,0,0,5596,41,26,2479,57,4216,16,1314,1267,169,1923,948,1434,1112,19.7268,0,1.72891,0,2
278,269,5529,0,0,5511,18,5,2580,39,3794,18,1279,1164,171,1912,985,1373,1010,18.2673,0,1.61134,0,2
279,269,5517,0,0,5484,33,13,2437,41,3779,14,1263,1145,167,1961,967,1369,1036,18.7783,0,1.60746,0,2
280,269,5585,0,0,5536,49,40,2541,45,4183,17,1309,1212,168,1957,922,1358,1025,18.3527,0,1.7191,0,2
281,269,5540,0,0,5509,31,16,2332,42,3637,15,1322,1156,169,1867,1011,1386,1027,18.5379,0,1.57159,0,2
282,269,5547,0,0,5530,17,6,2575,43,4201,18,1271,1227,156,1959,916,1398,1035,18.6587,0,1.72444,0,2
283,269,5513,0,0,5486,27,11,2353,41,3539,16,1306,1167,161,1889,974,1381,1069,19.3905,0,1.54775,0,2
284,269,5513,0,0,5483,30,17,2413,41,3656,20,1258,1165,169,1925,976,1410,1076,19.5175,0,1.57629,0,2
285,269,5625,0,0,5599,26,13,2484,45,3959,13,1371,1210,176,1874,981,1413,1051,18.6844,0,1.65536,0,2
286,269,5560,0,0,5521,39,26,2542,40,3757,23,1290,1211,159,1867,1010,1376,1026,18.4532,0,1.60179,0,2
287,269,5668,0,0,5624,44,27,2567,43,3967,10,1368,1202,156,1924,1008,1389,1067,18.825,0,1.65755,0,2
288,269,5573,0,0,5546,27,11,2384,43,3918,29,1327,1234,179,1870,934,1387,1035,18.5717,0,1.6442,0,2
289,269,5620,0,0,5598,22,13,2527,47,3958,21,1373,1163,157,1968,938,1397,1072,19.0747,0,1.65508,0,2
290,269,5513,0,0,5493,20,5,2574,45,3927,15,1264,1194,153,1926,961,1397,1026,18.6106,0,1.64663,0,2
291,269,5575,0,0,5556,19,0,2488,41,3761,19,1303,1242,153,1899,959,1403,1048,18.7982,0,1.60282,0,2
292,269,5562,0,0,5548,14,5,2437,44,3690,16,1253,1143,167,1928,1055,1386,1059,19.0399,0,1.58479,0,2
293,269,5558,0,0,5529,29,14,2592,40,3912,24,1301,1251,188,1862,932,1380,1030,18.5318,0,1.64258,0,2
294,269,5554,0,0,5529,25,10,2420,38,3799,26,1301,1206,159,1919,943,1288,978,17.6089,0,1.61264,0,2
295,269,5544,0,0,5509,35,11,2420,40,3504,17,1330,1182,159,1897,959,1400,1066,19.228,0,1.53941,0,2
296,269,5550,0,0,5513,37,22,2465,43,3817,16,1322,1204,168,1915,925,1402,1066,19.2072,0,1.61734,0,2
297,269,5643,0,0,5628,15,3,2490,41,4031,21,1365,1218,154,1982,903,1426,1090,19.316,0,1.67532,0,2
298,269,5686,0,0,5656,30,14,2556,44,4253,22,1356,1242,170,1948,948,1378,1000,17.5871,0,1.74004,0,2
299,269,5599,0,0,5555,44,31,2540,38,3830,29,1349,1121,148,1941,1011,1303,974,17.396,0,1.62075,0,2
300,269,5588,0,0,5552,36,22,2489,45,4006,15,1358,1186,169,1849,1011,1355,1009,18.0565,0,1.66834,0,2
301,269,5628,0,0,5615,13,0,2551,40,3694,20,1379,1195,179,1892,963,1439,1108,19.6873,0,1.58579,0,2
302,269,5666,0,0,5642,24,10,2502,42,4127,22,1386,1185,170,1880,1023,1385,1038,18.3198,0,1.70271,0,2
303,269,5537,0,0,5508,29,15,2586,40,3947,22,1305,1166,170,1915,959,1356,1038,18.7466,0,1.65207,0,2
304,269,5579,0,0,5559,20,9,2475,42,3856,18,1339,1138,161,1920,1003,1429,1107,19.8423,0,1.6276,0,2
305,269,5640,0,0,5624,16,0,2553,41,4205,22,1351,1208,180,1901,978,1387,1046,18.5461,0,1.72563,0,2
306,269,5539,0,0,5516,23,15,2504,47,3853,17,1312,1152,144,1889,1025,1325,985,17.783,0,1.62681,0,2
307,269,5615,0,0,5573,42,24,2535,51,3852,14,1340,1199,154,1945,963,1415,1064,18.9492,0,1.62655,0,2
308,269,5519,0,0,5471,48,27,2327,44,4111,21,1290,1200,176,1851,981,1317,973,17.63,0,1.69808,0,2
309,269,5556,0,0,5541,15,7,2452,45,4121,17,1295,1178,161,1926,979,1441,1095,19.7084,0,1.70097,0,2
310,269,5559,0,0,5528,31,19,2520,42,3971,22,1351,1132,170,1933,951,1347,1025,18.4386,0,1.65865,0,2
311,269,5567,0,0,5547,20,9,2472,42,3925,29,1313,1180,176,1882,987,1361,1014,18.2145,0,1.64609,0,2
312,269,5528,0,0,5500,28,15,2469,45,3797,16,1297,1189,169,1888,969,1402,1073,19.4103,0,1.61212,0,2
313,269,5622,0,0,5597,25,11,2515,39,3740,20,1352,1158,186,1927,979,1408,1066,18.9612,0,1.59744,0,2
314,269,5548,0,0,5526,22,4,2489,46,3769,14,1318,1254,155,1884,923,1300,971,17.5018,0,1.60488,0,2
315,269,5549,0,0,5503,46,33,2452,53,3911,14,1276,1169,171,1930,989,1417,1077,19.4089,0,1.64231,0,2
316,269,5600,0,0,5573,27,10,2483,46,4069,18,1297,1199,180,1937,969,1418,1054,18.8214,0,1.68606,0,2
317,269,5613,0,0,5587,26,8,2530,38,3760,25,1330,1225,154,1915,964,1427,1091,19.437,0,1.60256,0,2
318,269,5700,0,0,5657,43,22,2448,42,3709,17,1389,1193,169,1961,971,1450,1112,19.5088,0,1.58957,0,2
319,269,5647,0,0,5608,39,23,2541,44,4116,15,1372,1163,173,1955,969,1369,1010,17.8856,0,1.69952,0,2
320,269,5688,0,0,5670,18,3,2391,46,3789,16,1356,1226,169,1911,1010,1409,1056,18.5654,0,1.61005,0,2
321,269,5645,0,0,5618,27,9,2501,41,3788,16,1298,1198,159,1997,977,1413,1075,19.0434,0,1.60979,0,2
322,269,5590,0,0,5529,61,40,2518,40,4059,27,1319,1237,184,1845,978,1371,1008,18.0322,0,1.68322,0,2
323,269,5509,0,0,5482,27,14,2459,39,4020,23,1302,1148,161,1909,966,1338,993,18.025,0,1.67224,0,2
324,269,5520,0,0,5479,41,26,2431,44,3925,16,1349,1152,158,1903,942,1355,1041,18.8587,0,1.64609,0,2
325,269,5556,0,0,5533,23,10,2583,42,4019,15,1298,1202,175,1931,935,1317,984,17.7106,0,1.67196,0,2
326,269,5594,0,0,5565,29,18,2483,39,3719,28,1321,1185,177,1896,987,1353,1034,18.4841,0,1.5921,0,2
327,269,5587,0,0,5552,35,24,2538,42,4319,30,1356,1188,170,1834,1009,1407,1059,18.9547,0,1.76025,0,2
328,269,5585,0,0,5556,29,14,2423,42,4075,18,1372,1196,169,1879,951,1393,1052,18.8362,0,1.68776,0,2
329,269,5655,0,0,5637,18,7,2589,40,3880,22,1382,1150,155,2002,944,1361,987,17.4536,0,1.63399,0,2
330,269,5536,0,0,5508,28,17,2488,45,4057,14,1329,1190,164,1877,962,1305,995,17.9733,0,1.68265,0,2
331,269,5665,0,0,5635,30,15,2590,39,4133,25,1382,1252,160,1884,962,1440,1087,19.188,0,1.70445,0,2
332,269,5727,0,0,5709,18,2,2484,37,3819,26,1347,1254,160,1961,979,1427,1086,18.9628,0,1.61786,0,2
333,269,5560,0,0,5518,42,26,2371,45,3835,19,1366,1177,160,1897,941,1373,1029,18.5072,0,1.62206,0,2
334,269,5693,0,0,5659,34,22,2618,41,4099,23,1343,1179,167,1963,1018,1428,1090,19.1463,0,1.69463,0,2
335,269,5599,0,0,5570,29,10,2398,40,3720,24,1393,1146,181,1888,967,1407,1092,19.5035,0,1.59236,0,2
336,269,5632,0,0,5612,20,11,2427,39,3884,16,1356,1227,155,1900,978,1309,999,17.7379,0,1.63506,0,2
337,269,5633,0,0,5590,43,34,2616,39,4050,29,1364,1183,164,1916,977,1416,1095,19.439,0,1.68067,0,2
338,269,5583,0,0,5554,29,15,2414,41,3772,17,1364,1131,167,1927,977,1380,1034,18.5205,0,1.60565,0,2
339,269,5544,0,0,5530,14,4,2366,40,3874,30,1312,1161,145,1954,942,1266,910,16.4141,0,1.63239,0,2
340,269,5699,0,0,5670,29,13,2727,40,3912,18,1359,1196,184,1922,1020,1405,1034,18.1435,0,1.64258,0,2
341,269,5589,0,0,5569,20,7,2474,44,3883,19,1350,1184,185,1877,974,1415,1042,18.6438,0,1.63479,0,2
342,269,5636,0,0,5607,29,15,2589,46,4083,16,1321,1177,183,1948,991,1391,1054,18.7012,0,1.69005,0,2
343,269,5648,0,0,5628,20,2,2365,43,3628,21,1353,1194,194,1868,1018,1405,1062,18.8031,0,1.56937,0,2
344,269,5485,0,0,5465,20,10,2510,41,3709,26,1265,1147,170,1871,1006,1337,1020,18.5962,0,1.58957,0,2
345,269,5452,0,0,5402,50,29,2478,42,3781,17,1266,1197,181,1889,902,1330,981,17.9934,0,1.60798,0,2
346,269,5496,0,0,5440,56,38,2412,45,3765,18,1299,1139,148,1906,986,1367,1054,19.1776,0,1.60385,0,2
347,269,5568,0,0,5541,27,14,2527,41,3842,18,1376,1145,170,1902,957,1403,1067,19.1631,0,1.6239,0,2
348,269,5541,0,0,5508,33,21,2505,41,3723,19,1320,1157,171,1909,965,1386,1048,18.9136,0,1.59312,0,2
349,269,5600,0,0,5572,28,9,2552,44,4118,14,1334,1147,199,1902,1004,1367,1023,18.2679,0,1.7001,0,2
350,269,5556,0,0,5522,34,21,2497,39,3590,20,1350,1130,171,1911,974,1413,1046,18.8265,0,1.56006,0,2
351,269,5596,0,0,5565,31,18,2482,46,3842,14,1326,1206,177,1889,984,1385,1067,19.0672,0,1.6239,0,2
352,269,5503,0,0,5488,15,2,2404,48,4069,23,1318,1154,175,1876,957,1331,1023,18.5899,0,1.68606,0,2
353,269,5599,0,0,5564,35,22,2568,41,3904,13,1324,1125,158,1964,1015,1417,1084,19.3606,0,1.64042,0,2
354,269,5523,0,0,5501,22,9,2514,47,4083,16,1328,1177,161,1868,973,1365,1011,18.3053,0,1.69005,0,2
355,269,5530,0,0,5507,23,16,2474,40,3887,28,1313,1190,175,1884,940,1442,1089,19.6926,0,1.63586,0,2
356,269,5605,0,0,5577,28,17,2526,43,3963,18,1316,1202,152,1922,995,1379,1032,18.4121,0,1.65645,0,2
357,269,5577,0,0,5538,39,27,2429,39,3569,22,1319,1166,147,1891,1032,1398,1080,19.3653,0,1.55497,0,2
358,269,5577,0,0,5557,20,7,2358,40,3482,19,1328,1233,150,1870,977,1323,1006,18.0384,0,1.53421,0,2
359,269,5590,0,0,5551,39,30,2527,40,3879,21,1367,1199,169,1860,974,1381,1076,19.2487,0,1.63372,0,2
360,269,5669,0,0,5644,25,12,2677,44,4187,17,1412,1196,162,1914,968,1408,1083,19.1039,0,1.72028,0,2
361,269,5578,0,0,5557,21,12,2514,40,3839,25,1339,1240,170,1868,936,1414,1084,19.4335,0,1.62311,0,2
362,269,5495,0,0,5453,42,27,2494,49,3910,11,1287,1151,175,1944,927,1338,1012,18.4167,0,1.64204,0,2
363,269,5528,0,0,5506,22,9,2368,43,3995,27,1315,1169,175,1837,1005,1394,1040,18.8133,0,1.66528,0,2
364,269,5533,0,0,5516,17,4,2573,48,3891,13,1348,1158,160,1845,1009,1401,1062,19.1939,0,1.63693,0,2
365,269,5640,0,0,5620,20,8,2507,45,4222,18,1359,1204,159,1956,944,1399,1045,18.5284,0,1.7307,0,2
366,269,5635,0,0,5625,10,0,2538,39,3761,16,1378,1161,170,1947,963,1401,1042,18.4916,0,1.60282,0,2
367,269,5559,0,0,5544,15,0,2426,44,3898,15,1317,1175,182,1927,943,1367,1040,18.7084,0,1.63881,0,2
368,269,5510,0,0,5474,36,23,2529,37,3753,29,1292,1208,158,1834,989,1370,1032,18.7296,0,1.60077,0,2
369,269,5613,0,0,5573,40,25,2475,42,4058,22,1373,1164,157,1897,1000,1339,996,17.7445,0,1.68294,0,2
370,269,5592,0,0,5556,36,22,2604,42,4071,17,1347,1207,160,1927,934,1316,988,17.6681,0,1.68663,0,2
371,269,5563,0,0,5538,25,16,2512,45,3739,19,1376,1159,163,1873,973,1405,1075,19.3241,0,1.59719,0,2
372,269,5689,0,0,5664,25,13,2386,47,3904,12,1378,1227,157,1969,946,1335,990,17.402,0,1.64042,0,2
373,269,5661,0,0,5629,32,22,2514,42,4003,21,1364,1217,149,1937,973,1406,1074,18.9719,0,1.6675,0,2
374,269,5435,0,0,5411,24,12,2335,47,3624,18,1307,1187,182,1752,989,1405,1055,19.4112,0,1.56838,0,2
375,269,5552,0,0,5519,33,22,2507,43,4000,17,1328,1143,154,1941,969,1402,1059,19.0742,0,1.66667,0,2
376,269,5547,0,0,5517,30,18,2598,44,4139,28,1362,1159,165,1861,972,1375,1043,18.803,0,1.70619,0,2
377,269,5683,0,0,5660,23,9,2789,46,4346,16,1330,1181,165,2046,945,1416,1058,18.6169,0,1.76866,0,2
378,269,5621,0,0,5596,25,15,2562,48,4068,17,1361,1202,155,1929,957,1408,1047,18.6266,0,1.68577,0,2
379,269,5548,0,0,5522,26,19,2596,42,4104,25,1313,1200,170,1898,942,1370,1038,18.7094,0,1.69607,0,2
380,269,5605,0,0,5566,39,25,2516,45,4150,18,1274,1260,171,1968,914,1417,1066,19.0187,0,1.7094,0,2
381,269,5583,0,0,5563,20,4,2447,38,3832,21,1317,1173,138,1980,954,1428,1098,19.6668,0,1.62127,0,2
382,269,5623,0,0,5587,36,15,2589,48,4022,12,1374,1163,163,1934,977,1438,1110,19.7404,0,1.6728,0,2
383,269,5590,0,0,5537,53,36,2447,39,3565,17,1345,1195,149,1922,962,1373,1059,18.9445,0,1.554,0,2
384,269,5613,0,0,5583,30,16,2374,46,3804,22,1398,1128,164,1937,964,1399,1041,18.5462,0,1.61394,0,2
385,269,5509,0,0,5479,30,17,2523,41,3756,19,1277,1164,138,1942,969,1352,1033,18.7511,0,1.60154,0,2
386,269,5569,0,0,5555,14,2,2527,41,3897,21,1325,1175,166,1929,953,1395,1050,18.8544,0,1.63854,0,2
387,269,5626,0,0,5580,46,30,2525,43,3996,17,1334,1199,169,1919,988,1418,1064,18.9122,0,1.66556,0,2
388,269,5524,0,0,5490,34,26,2505,40,3936,19,1299,1203,195,1842,966,1383,1007,18.2295,0,1.64908,0,2
389,269,5602,0,0,5563,39,26,2572,42,3986,26,1307,1241,144,1874,1010,1377,1031,18.4041,0,1.66279,0,2
390,269,5583,0,0,5569,14,6,2521,39,3713,22,1330,1179,173,1904,975,1364,1018,18.2339,0,1.59058,0,2
391,269,5693,0,0,5666,27,14,2595,47,4102,16,1369,1255,156,1929,968,1445,1073,18.8477,0,1.69549,0,2
392,269,5529,0,0,5504,25,3,2570,42,3929,26,1291,1180,174,1899,959,1355,1018,18.412,0,1.64718,0,2
393,269,5539,0,0,5504,35,18,2519,41,3950,21,1355,1167,146,1879,971,1367,1070,19.3176,0,1.65289,0,2
394,269,5551,0,0,5535,16,6,2473,40,3726,24,1373,1168,174,1878,934,1421,1047,18.8615,0,1.59388,0,2
395,269,5557,0,0,5533,24,13,2502,46,3944,19,1268,1233,184,1874,979,1371,1021,18.3732,0,1.65125,0,2
396,269,5554,0,0,5515,39,29,2509,46,3946,22,1342,1196,173,1861,960,1337,977,17.5909,0,1.6518,0,2
397,269,5596,0,0,5581,15,1,2487,42,3717,21,1382,1161,180,1860,992,1421,1093,19.5318,0,1.5916,0,2
398,269,5654,0,0,5644,10,0,2534,41,4052,25,1323,1245,173,1928,960,1411,1099,19.4376,0,1.68124,0,2
399,269,5515,0,0,5489,26,15,2518,42,4051,20,1335,1147,168,1864,981,1411,1044,18.9302,0,1.68095,0,2
400,269,5513,0,0,5480,33,24,2367,44,3887,25,1364,1236,170,1771,947,1374,1032,18.7194,0,1.63586,0,2
401,269,5577,0,0,5557,20,4,2377,45,3711,18,1344,1197,145,1908,965,1395,1045,18.7377,0,1.59008,0,2
402,269,5519,0,0,5476,43,30,2509,41,4131,25,1301,1188,157,1918,930,1312,999,18.1011,0,1.70387,0,2
403,269,5608,0,0,5585,23,9,2510,41,3897,16,1343,1158,187,1899,1005,1455,1078,19.2225,0,1.63854,0,2
404,269,5556,0,0,5522,34,19,2513,52,4047,13,1277,1151,163,1923,1029,1414,1089,19.6004,0,1.67983,0,2
405,269,5646,0,0,5591,55,37,2489,42,4057,23,1373,1182,174,1980,914,1410,1085,19.2171,0,1.68265,0,2
406,269,5643,0,0,5617,26,11,2475,46,3733,15,1415,1154,170,1897,992,1419,1050,18.6071,0,1.59566,0,2
407,269,5543,0,0,5513,30,13,2356,46,3894,20,1313,1200,173,1857,980,1350,1026,18.5098,0,1.63773,0,2
408,269,5571,0,0,5531,40,25,2488,42,3820,20,1350,1145,151,1952,953,1395,1073,19.2605,0,1.61812,0,2
409,269,5547,0,0,5499,48,34,2504,43,3801,15,1288,1213,172,1899,960,1338,999,18.0097,0,1.61316,0,2
410,269,5600,0,0,5566,34,20,2592,42,4004,23,1316,1258,164,1868,971,1442,1086,19.3929,0,1.66778,0,2
411,269,5478,0,0,5460,18,8,2384,49,3716,19,1292,1148,172,1907,940,1372,1053,19.2223,0,1.59134,0,2
412,269,5570,0,0,5554,16,5,2471,39,3827,24,1339,1187,156,1899,965,1375,1020,18.3124,0,1.61996,0,2
413,269,5584,0,0,5564,20,9,2623,43,4106,20,1305,1147,177,1956,979,1377,1055,18.8933,0,1.69664,0,2
414,269,5597,0,0,5555,42,29,2591,40,3825,21,1355,1153,188,1896,984,1401,1070,19.1174,0,1.61943,0,2
415,269,5505,0,0,5469,36,17,2417,41,3732,15,1323,1166,161,1859,981,1417,1086,19.7275,0,1.59541,0,2
416,269,5545,0,0,5503,42,30,2507,52,4003,10,1280,1158,186,1921,990,1359,1034,18.6474,0,1.6675,0,2
417,269,5579,0,0,5545,34,21,2575,42,4339,25,1328,1222,158,1858,988,1404,1065,19.0894,0,1.76647,0,2
418,269,5616,0,0,5574,42,26,2528,45,4218,19,1354,1207,142,1939,955,1405,1045,18.6075,0,1.72951,0,2
419,269,5609,0,0,5579,30,20,2502,44,3912,18,1366,1187,181,1900,957,1455,1079,19.2369,0,1.64258,0,2
420,269,5560,0,0,5528,32,21,2477,40,3631,13,1288,1228,163,1896,972,1366,1040,18.705,0,1.57011,0,2
421,269,5697,0,0,5668,29,11,2587,44,3941,19,1416,1185,173,1889,1015,1379,1032,18.1148,0,1.65044,0,2
422,269,5599,0,0,5575,24,12,2561,40,3864,26,1295,1164,135,1990,989,1359,1024,18.289,0,1.62973,0,2
423,269,5544,0,0,5529,15,6,2341,41,3682,12,1316,1196,164,1884,972,1398,1046,18.8672,0,1.58278,0,2
424,269,5609,0,0,5593,16,3,2557,42,4141,25,1312,1131,173,1982,986,1444,1082,19.2904,0,1.70678,0,2
425,269,5639,0,0,5611,28,13,2601,42,4290,27,1370,1142,177,1926,997,1388,1043,18.4962,0,1.75131,0,2
426,269,5453,0,0,5438,15,4,2558,41,4028,20,1248,1168,160,1949,908,1387,1036,18.9987,0,1.67448,0,2
427,269,5663,0,0,5619,44,32,2475,40,4118,20,1335,1233,166,1910,999,1367,1011,17.8527,0,1.7001,0,2
428,269,5591,0,0,5558,33,14,2528,40,4087,24,1317,1196,169,1918,967,1387,1030,18.4225,0,1.69119,0,2
429,269,5671,0,0,5649,22,11,2553,38,4143,28,1338,1172,164,1973,996,1475,1079,19.0266,0,1.70736,0,2
430,269,5511,0,0,5493,18,3,2583,42,4128,24,1321,1163,149,1899,955,1379,1040,18.8713,0,1.703,0,2
431,269,5602,0,0,5582,20,9,2514,41,3813,17,1372,1174,159,1923,957,1438,1073,19.1539,0,1.61629,0,2
432,269,5436,0,0,5399,37,24,2426,41,3820,13,1282,1140,157,1931,913,1325,981,18.0464,0,1.61812,0,2
433,269,5544,0,0,5513,31,18,2453,45,3880,12,1292,1185,175,1877,1003,1388,1043,18.8131,0,1.63399,0,2
434,269,5562,0,0,5538,24,14,2415,43,3666,20,1352,1195,147,1938,910,1395,1053,18.932,0,1.57878,0,2
435,269,5639,0,0,5601,38,27,2629,40,4026,26,1308,1174,178,1991,962,1407,1071,18.9927,0,1.67392,0,2
436,269,5594,0,0,5571,23,7,2398,44,3811,21,1313,1220,182,1864,994,1381,1037,18.5377,0,1.61577,0,2
437,269,5637,0,0,5607,30,18,2544,50,4004,13,1376,1176,172,1919,981,1410,1074,19.0527,0,1.66778,0,2
438,269,5543,0,0,5516,27,12,2475,42,4028,14,1303,1181,178,1914,953,1333,1019,18.3835,0,1.67448,0,2
439,269,5583,0,0,5541,42,28,2374,43,3827,17,1326,1176,165,1908,991,1407,1066,19.0937,0,1.61996,0,2
440,269,5609,0,0,5577,32,16,2458,45,3963,25,1325,1200,167,1940,952,1401,1068,19.0408,0,1.65645,0,2
441,269,5538,0,0,5491,47,32,2424,40,3991,20,1296,1227,182,1873,940,1365,1045,18.8696,0,1.66417,0,2
442,269,5554,0,0,5530,24,5,2543,42,3853,20,1325,1198,169,1865,977,1415,1084,19.5175,0,1.62681,0,2
443,269,5595,0,0,5575,20,14,2569,47,4109,17,1300,1196,164,1959,959,1433,1069,19.1063,0,1.6975,0,2
444,269,5502,0,0,5450,52,30,2483,42,4149,28,1322,1198,165,1860,929,1391,1027,18.6659,0,1.70911,0,2
445,269,5568,0,0,5528,40,24,2555,42,3961,19,1346,1220,154,1898,931,1412,1059,19.0194,0,1.6559,0,2
446,269,5615,0,0,5583,32,24,2449,43,3865,14,1347,1254,156,1882,962,1406,1047,18.6465,0,1.62999,0,2
447,269,5540,0,0,5496,44,26,2412,43,3577,21,1286,1196,172,1924,941,1439,1100,19.8556,0,1.5569,0,2
448,269,5571,0,0,5534,37,26,2482,50,3999,13,1292,1236,173,1882,975,1387,1072,19.2425,0,1.66639,0,2
449,269,5695,0,0,5659,36,19,2646,43,4269,18,1343,1153,189,1987,1005,1420,1087,19.0869,0,1.7449,0,2
450,269,5632,0,0,5593,39,26,2555,40,4036,20,1355,1182,160,1973,942,1398,1055,18.7322,0,1.67673,0,2
451,269,5549,0,0,5532,17,4,2444,43,3783,17,1335,1180,156,1904,957,1429,1094,19.7153,0,1.60849,0,2
452,269,5548,0,0,5524,24,11,2506,39,3699,22,1292,1158,164,1903,1009,1369,1012,18.2408,0,1.58705,0,2
453,269,5547,0,0,5509,38,27,2395,42,3820,24,1364,1168,180,1868,943,1363,1018,18.3523,0,1.61812,0,2
454,269,5561,0,0,5523,38,23,2379,41,3859,22,1340,1139,169,1912,979,1371,1011,18.1802,0,1.6284,0,2
455,269,5563,0,0,5534,29,21,2487,42,3995,17,1315,1193,167,1908,963,1416,1075,19.3241,0,1.66528,0,2
456,269,5553,0,0,5521,32,17,2431,40,3706,16,1328,1192,153,1900,964,1406,1064,19.1608,0,1.58881,0,2
457,269,5573,0,0,5545,28,9,2556,40,4086,23,1350,1209,152,1858,981,1345,1031,18.4999,0,1.6909,0,2
458,269,5598,0,0,5573,25,13,2625,43,3832,18,1373,1208,149,1910,940,1365,1017,18.1672,0,1.62127,0,2
459,269,5557,0,0,5537,20,10,2473,43,3954,25,1277,1142,163,2000,950,1428,1036,18.6432,0,1.65399,0,2
460,269,5650,0,0,5633,17,4,2436,54,4017,13,1391,1207,172,1858,1009,1427,1096,19.3982,0,1.6714,0,2
461,269,5521,0,0,5498,23,8,2512,48,3750,14,1282,1152,170,1934,969,1359,1037,18.7828,0,1.6,0,2
462,269,5581,0,0,5555,26,10,2493,42,3667,17,1347,1233,171,1911,902,1379,1021,18.2942,0,1.57903,0,2
463,269,5604,0,0,5577,27,11,2562,44,4177,18,1373,1145,151,1929,988,1469,1139,20.3248,0,1.71733,0,2
464,269,5565,0,0,5537,28,14,2493,45,3966,16,1339,1267,145,1845,953,1361,1034,18.5804,0,1.65728,0,2
465,269,5625,0,0,5591,34,22,2465,40,3707,16,1384,1190,153,1912,970,1366,1039,18.4711,0,1.58907,0,2
466,269,5551,0,0,5541,10,1,2446,42,3666,21,1226,1205,165,1926,1008,1381,1018,18.339,0,1.57878,0,2
467,269,5594,0,0,5545,49,36,2678,39,3994,19,1341,1138,157,1939,1000,1396,1041,18.6092,0,1.665,0,2
468,269,5548,0,0,5512,36,19,2478,44,3706,22,1297,1208,166,1896,959,1362,1008,18.1687,0,1.58881,0,2
469,269,5676,0,0,5639,37,18,2593,44,4102,21,1434,1189,180,1899,953,1454,1112,19.5913,0,1.69549,0,2
470,269,5563,0,0,5521,42,30,2418,43,3813,16,1331,1195,163,1881,977,1348,1017,18.2815,0,1.61629,0,2
471,269,5622,0,0,5604,18,5,2383,38,3502,20,1379,1170,169,1898,986,1391,1036,18.4276,0,1.53894,0,2
472,269,5464,0,0,5416,48,37,2457,47,3513,8,1325,1123,149,1899,960,1330,1008,18.448,0,1.54154,0,2
473,269,5600,0,0,5580,20,6,2537,41,4129,28,1343,1162,159,1887,1021,1409,1043,18.625,0,1.70329,0,2
474,269,5599,0,0,5568,31,20,2524,42,3988,22,1402,1225,153,1861,936,1386,1037,18.5212,0,1.66334,0,2
475,269,5605,0,0,5563,42,25,2496,39,3883,28,1330,1198,161,1905,983,1431,1060,18.9117,0,1.63479,0,2
476,269,5599,0,0,5564,35,23,2612,41,4180,26,1328,1208,155,1951,931,1413,1047,18.6998,0,1.71821,0,2
477,269,5580,0,0,5540,40,30,2476,37,3787,30,1342,1178,169,1899,962,1383,1029,18.4409,0,1.60953,0,2
478,269,5636,0,0,5598,38,22,2577,42,4085,17,1379,1231,168,1864,977,1448,1075,19.0738,0,1.69062,0,2
479,269,5529,0,0,5500,29,10,2509,39,3784,23,1323,1203,140,1864,976,1379,1046,18.9184,0,1.60875,0,2
480,269,5527,0,0,5492,35,23,2406,44,3712,18,1290,1151,179,1922,967,1384,1043,18.871,0,1.59033,0,2
481,269,5638,0,0,5607,31,15,2536,42,4028,20,1370,1192,169,1921,966,1441,1066,18.9074,0,1.67448,0,2
482,269,5603,0,0,5565,38,22,2530,43,3934,15,1345,1145,158,1927,1013,1351,1013,18.0796,0,1.64853,0,2
483,269,5540,0,0,5521,19,9,2523,41,3909,14,1300,1109,172,1957,988,1373,1045,18.8628,0,1.64177,0,2
484,269,5723,0,0,5684,39,26,2598,42,3944,20,1363,1226,153,1940,1021,1397,1044,18.2422,0,1.65125,0,2
485,269,5642,0,0,5625,17,6,2526,39,3953,26,1395,1182,159,1868,1012,1361,1034,18.3268,0,1.65371,0,2
486,269,5677,0,0,5657,20,11,2569,41,3736,18,1419,1153,161,1909,1017,1444,1107,19.4997,0,1.59642,0,2
487,269,5585,0,0,5554,31,20,2623,43,4086,22,1295,1203,197,1916,952,1385,1051,18.8183,0,1.6909,0,2
488,269,5659,0,0,5630,29,15,2579,46,4156,22,1425,1158,175,1909,970,1390,1065,18.8196,0,1.71116,0,2
489,269,5621,0,0,5600,21,7,2376,47,4081,18,1319,1210,178,1923,973,1389,1056,18.7867,0,1.68947,0,2
490,269,5600,0,0,5565,35,21,2434,42,3789,21,1419,1179,147,1844,990,1407,1024,18.2857,0,1.61005,0,2
491,269,5569,0,0,5552,17,3,2646,38,4047,22,1334,1187,149,1945,932,1360,1026,18.4234,0,1.67983,0,2
492,269,5548,0,0,5516,32,22,2448,45,4025,14,1334,1204,180,1866,950,1285,935,16.8529,0,1.67364,0,2
493,269,5600,0,0,5578,22,16,2458,40,3773,27,1314,1197,156,1929,977,1435,1113,19.875,0,1.60591,0,2
494,269,5564,0,0,5527,37,21,2546,43,4297,24,1318,1189,183,1875,975,1374,1041,18.7096,0,1.75346,0,2
495,269,5595,0,0,5575,20,5,2418,38,3723,25,1327,1193,171,1908,971,1416,1079,19.2851,0,1.59312,0,2
496,269,5555,0,0,5529,26,7,2513,47,4030,22,1346,1197,181,1917,892,1400,1063,19.1359,0,1.67504,0,2
497,269,5562,0,0,5523,39,27,2446,44,4167,21,1322,1174,161,1906,978,1367,1034,18.5904,0,1.71438,0,2
498,269,5574,0,0,5543,31,14,2546,39,3939,22,1342,1192,169,1872,977,1388,1055,18.9272,0,1.64989,0,2
499,269,5613,0,0,5582,31,19,2372,43,4015,25,1385,1244,194,1734,1031,1435,1076,19.1698,0,1.67084,0,2
500,269,5490,0,0,5456,34,28,2485,47,3703,15,1268,1174,140,1904,989,1395,1058,19.2714,0,1.58806,0,2
501,269,5675,0,0,5649,26,12,2524,45,4094,14,1338,1190,147,1989,997,1411,1093,19.2599,0,1.69319,0,2
502,269,5510,0,0,5476,34,25,2506,42,3872,15,1303,1172,182,1828,1010,1395,1014,18.4029,0,1.63185,0,2
503,269,5776,0,0,5733,43,27,2450,40,3759,19,1370,1191,171,2024,1001,1454,1088,18.8366,0,1.60231,0,2
504,269,5655,0,0,5634,21,8,2512,41,3862,17,1331,1190,163,1951,1003,1422,1026,18.1432,0,1.6292,0,2
505,269,5511,0,0,5459,52,42,2474,39,3829,28,1303,1225,157,1850,948,1422,1085,19.6879,0,1.62048,0,2
506,269,5641,0,0,5610,31,21,2614,39,4100,20,1422,1229,156,1856,958,1363,1002,17.7628,0,1.69492,0,2
507,269,5527,0,0,5480,47,33,2422,43,3815,20,1368,1156,164,1831,988,1388,1039,18.7986,0,1.61681,0,2
508,269,5667,0,0,5641,26,16,2619,40,4130,21,1389,1174,180,1940,963,1404,1053,18.5813,0,1.70358,0,2
509,269,5585,0,0,5554,31,25,2636,42,4126,20,1329,1206,149,1891,990,1405,1084,19.4091,0,1.70242,0,2
510,269,5525,0,0,5501,24,16,2534,46,3919,16,1311,1132,166,1875,1025,1357,1026,18.5701,0,1.64447,0,2
511,269,5673,0,0,5643,30,14,2670,37,3998,32,1381,1230,148,1893,989,1410,1044,18.403,0,1.66611,0,2
512,269,5565,0,0,5538,27,16,2599,44,3894,17,1331,1147,155,1905,1010,1348,970,17.4304,0,1.63773,0,2
513,269,5649,0,0,5622,27,18,2452,43,3922,16,1360,1222,157,1894,1000,1378,1034,18.3041,0,1.64528,0,2
514,269,5639,0,0,5604,35,15,2506,40,3840,21,1331,1180,174,1946,987,1367,1037,18.3898,0,1.62338,0,2
515,269,5542,0,0,5515,27,6,2446,44,4060,23,1304,1162,167,1928,958,1367,1009,18.2064,0,1.6835,0,2
516,269,5488,0,0,5451,37,20,2487,44,3948,24,1347,1207,164,1787,959,1324,1029,18.75,0,1.65235,0,2
517,269,5590,0,0,5568,22,6,2443,40,3847,21,1334,1212,163,1920,940,1421,1093,19.5528,0,1.62522,0,2
518,269,5596,0,0,5567,29,13,2591,39,3728,21,1262,1229,179,1954,951,1373,1032,18.4417,0,1.59439,0,2
519,269,5480,0,0,5445,35,21,2515,48,3982,16,1280,1199,180,1863,942,1329,1007,18.3759,0,1.66168,0,2
520,269,5534,0,0,5513,21,8,2569,40,4081,32,1303,1196,155,1842,1006,1376,1014,18.3231,0,1.68947,0,2
521,269,5525,0,0,5495,30,14,2359,41,3734,19,1371,1159,173,1883,920,1430,1076,19.4751,0,1.59591,0,2
522,269,5557,0,0,5529,28,10,2512,43,4113,20,1347,1233,179,1814,964,1383,1038,18.6791,0,1.69866,0,2
523,269,5616,0,0,5591,25,12,2482,38,3776,30,1310,1244,183,1838,1011,1416,1100,19.5869,0,1.60668,0,2
524,269,5488,0,0,5465,23,8,2546,39,3902,18,1331,1125,151,1918,945,1343,987,17.9847,0,1.63988,0,2
525,269,5565,0,0,5557,8,0,2400,40,3758,26,1328,1213,166,1886,946,1378,1048,18.832,0,1.60205,0,2
526,269,5646,0,0,5630,16,4,2737,43,4192,20,1334,1197,172,1936,987,1438,1105,19.5714,0,1.72176,0,2
527,269,5545,0,0,5517,28,12,2383,44,3833,18,1308,1215,166,1847,991,1377,1050,18.936,0,1.62153,0,2
528,269,5551,0,0,5522,29,14,2525,43,4019,20,1314,1174,146,1952,945,1305,974,17.5464,0,1.67196,0,2
529,269,5504,0,0,5471,33,13,2561,42,3830,23,1349,1147,177,1844,964,1375,1029,18.6955,0,1.62075,0,2
530,269,5629,0,0,5568,61,51,2604,42,3925,20,1348,1240,153,1909,959,1346,1026,18.227,0,1.64609,0,2
531,269,5590,0,0,5565,25,13,2484,45,3875,20,1342,1169,180,1939,940,1340,1008,18.0322,0,1.63265,0,2
532,269,5642,0,0,5608,34,30,2499,46,3806,16,1375,1202,170,1895,984,1416,1095,19.408,0,1.61447,0,2
533,269,5628,0,0,5598,30,22,2453,43,3835,27,1360,1225,171,1880,965,1396,1037,18.4257,0,1.62206,0,2
534,269,5520,0,0,5488,32,14,2559,41,3907,18,1241,1149,189,1938,985,1399,1069,19.3659,0,1.64123,0,2
535,269,5472,0,0,5429,43,28,2522,40,3975,14,1293,1201,152,1862,950,1322,982,17.9459,0,1.65975,0,2
536,269,5637,0,0,5624,13,3,2636,41,4087,23,1307,1256,176,1861,1014,1393,1067,18.9285,0,1.69119,0,2
537,269,5493,0,0,5470,23,13,2282,39,3522,18,1297,1210,145,1864,959,1392,1067,19.4247,0,1.54369,0,2
538,269,5580,0,0,5549,31,21,2571,40,4097,19,1302,1233,145,1885,996,1352,1028,18.4229,0,1.69405,0,2
539,269,5564,0,0,5535,29,10,2516,43,4122,17,1350,1171,159,1880,987,1360,1006,18.0805,0,1.70126,0,2
540,269,5421,0,0,5393,28,18,2543,39,3964,31,1294,1149,168,1789,990,1343,1044,19.2584,0,1.65673,0,2
541,269,5621,0,0,5594,27,16,2402,40,3852,19,1364,1185,155,1901,997,1389,1053,18.7333,0,1.62655,0,2
542,269,5664,0,0,5630,34,21,2515,41,3835,24,1352,1209,189,1900,990,1383,1032,18.2203,0,1.62206,0,2
543,269,5646,0,0,5621,25,14,2571,47,3945,10,1301,1192,156,1970,1017,1424,1098,19.4474,0,1.65153,0,2
544,269,5570,0,0,5533,37,21,2511,43,3933,15,1347,1192,174,1862,980,1370,1024,18.3842,0,1.64826,0,2
545,269,5530,0,0,5478,52,32,2552,41,3839,25,1283,1196,167,1881,978,1374,1030,18.6257,0,1.62311,0,2
546,269,5499,0,0,5480,19,10,2503,38,3792,15,1230,1140,171,1925,1018,1348,1021,18.567,0,1.61082,0,2
547,269,5630,0,0,5596,34,20,2477,42,3902,18,1307,1212,143,1924,1026,1356,1006,17.8686,0,1.63988,0,2
548,269,5728,0,0,5714,14,3,2584,42,3817,21,1389,1229,162,1920,1007,1427,1082,18.8897,0,1.61734,0,2
549,269,5611,0,0,5584,27,11,2621,43,4010,29,1332,1237,165,1899,949,1399,1064,18.9628,0,1.66945,0,2
550,269,5617,0,0,5581,36,19,2482,47,3981,13,1313,1173,168,1958,992,1397,1038,18.4796,0,1.66141,0,2
551,269,5591,0,0,5542,49,37,2652,42,4262,20,1305,1220,174,1910,962,1371,1039,18.5834,0,1.74277,0,2
552,269,5535,0,0,5516,19,1,2554,41,4004,21,1349,1161,162,1889,953,1368,1028,18.5727,0,1.66778,0,2
553,269,5545,0,0,5522,23,14,2496,45,3972,18,1256,1213,172,1938,948,1366,1030,18.5753,0,1.65893,0,2
554,269,5611,0,0,5580,31,11,2469,44,3614,13,1376,1157,149,1915,1001,1422,1088,19.3905,0,1.56593,0,2
555,269,5454,0,0,5422,32,22,2455,39,3742,19,1289,1143,162,1890,951,1343,988,18.1151,0,1.59795,0,2
556,269,5561,0,0,5541,20,9,2534,43,3887,18,1359,1175,146,1910,953,1391,1075,19.3311,0,1.63586,0,2
557,269,5598,0,0,5575,23,11,2650,41,4168,26,1324,1207,166,1876,999,1417,1055,18.846,0,1.71468,0,2
558,269,5444,0,0,5431,13,1,2518,39,4118,31,1291,1195,145,1859,923,1404,1057,19.4159,0,1.7001,0,2
559,269,5601,0,0,5568,33,21,2601,39,3867,15,1328,1204,156,1917,981,1366,1034,18.461,0,1.63052,0,2
560,269,5575,0,0,5533,42,23,2372,44,3824,16,1376,1174,173,1838,998,1316,996,17.8655,0,1.61917,0,2
561,269,5556,0,0,5510,46,27,2425,37,3620,17,1364,1108,172,1913,982,1341,1010,18.1785,0,1.5674,0,2
562,269,5595,0,0,5576,19,11,2531,42,3913,15,1283,1222,165,1960,950,1407,1053,18.8204,0,1.64285,0,2
563,269,5502,0,0,5474,28,16,2424,42,3484,15,1260,1203,178,1876,970,1363,1033,18.775,0,1.53468,0,2
564,269,5538,0,0,5517,21,11,2481,40,3886,28,1329,1217,162,1861,941,1394,1050,18.9599,0,1.63559,0,2
565,269,5599,0,0,5573,26,14,2412,44,3939,21,1362,1223,172,1842,979,1360,1011,18.0568,0,1.64989,0,2
566,269,5539,0,0,5512,27,10,2412,43,3610,14,1301,1166,163,1896,999,1341,1019,18.3968,0,1.56495,0,2
567,269,5692,0,0,5676,16,6,2512,43,3815,11,1392,1170,175,1980,964,1441,1093,19.2024,0,1.61681,0,2
568,269,5472,0,0,5455,17,3,2440,42,3987,19,1256,1138,154,1917,988,1359,1017,18.5855,0,1.66306,0,2
569,269,5482,0,0,5466,16,6,2560,41,3962,15,1346,1154,167,1824,976,1363,1042,19.0077,0,1.65618,0,2
570,269,5558,0,0,5531,27,15,2516,41,3926,23,1353,1185,168,1876,953,1352,1036,18.6398,0,1.64636,0,2
571,269,5499,0,0,5474,25,13,2441,40,3781,21,1302,1156,168,1874,978,1374,1073,19.5126,0,1.60798,0,2
572,269,5661,0,0,5607,54,41,2482,48,4103,12,1395,1178,181,1915,980,1422,1045,18.4596,0,1.69578,0,2
573,269,5718,0,0,5696,22,13,2415,39,3650,21,1371,1219,182,1949,976,1451,1105,19.3249,0,1.5748,0,2
574,269,5517,0,0,5485,32,22,2652,44,4090,20,1294,1202,159,1906,936,1373,1023,18.5427,0,1.69205,0,2
575,269,5675,0,0,5646,29,17,2552,43,3770,19,1423,1180,153,1957,943,1375,1044,18.3965,0,1.60514,0,2
576,269,5541,0,0,5517,24,14,2561,44,4033,20,1310,1150,178,1915,968,1383,1026,18.5165,0,1.67588,0,2
577,269,5601,0,0,5583,18,9,2442,43,3948,20,1328,1222,146,1914,971,1400,1083,19.3358,0,1.65235,0,2
578,269,5597,0,0,5554,43,27,2671,39,4158,23,1278,1232,199,1907,958,1362,1025,18.3134,0,1.71174,0,2
579,269,5611,0,0,5582,29,13,2471,46,3793,11,1353,1217,182,1873,975,1448,1093,19.4796,0,1.61108,0,2
580,269,5518,0,0,5486,32,18,2394,43,3586,22,1338,1129,170,1921,938,1399,1060,19.2099,0,1.55909,0,2
581,269,5641,0,0,5620,21,3,2553,45,4288,16,1367,1196,183,1915,964,1405,1059,18.7733,0,1.7507,0,2
582,269,5534,0,0,5509,25,9,2569,41,4005,26,1305,1165,153,1943,942,1368,1026,18.5399,0,1.66806,0,2
583,269,5499,0,0,5457,42,27,2631,39,3959,22,1315,1157,168,1869,968,1355,1020,18.5488,0,1.65536,0,2
584,269,5657,0,0,5628,29,14,2476,43,4033,17,1438,1201,182,1891,928,1397,1042,18.4197,0,1.67588,0,2
585,269,5551,0,0,5527,24,12,2591,44,4054,19,1305,1219,174,1906,928,1392,1046,18.8435,0,1.6818,0,2
586,269,5692,0,0,5661,31,18,2633,38,3673,16,1445,1176,155,1932,968,1449,1102,19.3605,0,1.58053,0,2
587,269,5584,0,0,5563,21,10,2487,44,3848,20,1361,1214,173,1857,959,1424,1063,19.0365,0,1.62549,0,2
588,269,5638,0,0,5617,21,8,2586,40,3807,21,1351,1206,150,1925,985,1403,1055,18.7123,0,1.61473,0,2
589,269,5571,0,0,5527,44,28,2493,40,3827,25,1335,1161,157,1933,960,1373,1048,18.8117,0,1.61996,0,2
590,269,5611,0,0,5591,20,7,2361,44,3552,18,1337,1222,177,1874,983,1419,1047,18.6598,0,1.55087,0,2
591,269,5657,0,0,5630,27,14,2576,39,4054,20,1392,1215,171,1902,957,1406,1070,18.9146,0,1.6818,0,2
592,269,5662,0,0,5599,63,49,2584,40,4102,29,1361,1216,152,1958,946,1392,1042,18.4034,0,1.69549,0,2
593,269,5585,0,0,5539,46,37,2491,44,4080,23,1315,1237,144,1878,988,1385,1047,18.7466,0,1.68919,0,2
594,269,5508,0,0,5486,22,15,2449,39,3672,23,1344,1172,171,1857,941,1393,1021,18.5367,0,1.58028,0,2
595,269,5645,0,0,5615,30,20,2611,45,3981,10,1383,1212,159,1955,926,1452,1088,19.2737,0,1.66141,0,2
596,269,5548,0,0,5517,31,17,2533,43,4054,14,1350,1168,187,1900,929,1363,1057,19.0519,0,1.6818,0,2
597,269,5618,0,0,5577,41,32,2661,46,4284,20,1346,1162,147,1969,974,1441,1099,19.5621,0,1.74948,0,2
598,269,5549,0,0,5525,24,8,2529,38,3793,20,1306,1180,148,1939,956,1312,997,17.9672,0,1.61108,0,2
599,269,5579,0,0,5539,40,24,2537,38,3902,23,1324,1237,148,1839,1008,1383,1029,18.4442,0,1.63988,0,2
600,269,5549,0,0,5524,25,17,2512,39,3822,16,1330,1200,154,1910,939,1332,997,17.9672,0,1.61865,0,2
601,269,5478,0,0,5456,22,12,2439,43,3810,21,1207,1198,180,1917,955,1355,1020,18.6199,0,1.61551,0,2
602,269,5683,0,0,5644,39,26,2574,44,4296,26,1358,1205,159,1965,970,1426,1084,19.0744,0,1.75316,0,2
603,269,5504,0,0,5481,23,8,2480,46,3924,15,1330,1170,142,1868,979,1346,1026,18.641,0,1.64582,0,2
604,269,5580,0,0,5555,25,16,2375,44,3765,11,1316,1176,175,1900,1002,1444,1081,19.3728,0,1.60385,0,2
605,269,5543,0,0,5529,14,1,2456,42,3689,23,1331,1164,148,1916,961,1357,992,17.8964,0,1.58453,0,2
606,269,5562,0,0,5542,20,11,2569,45,4144,18,1291,1188,161,1948,956,1333,1035,18.6084,0,1.70765,0,2
607,269,5638,0,0,5603,35,26,2623,42,3946,21,1380,1253,167,1887,930,1408,1096,19.4395,0,1.6518,0,2
608,269,5598,0,0,5559,39,27,2373,40,3555,19,1339,1181,186,1900,973,1413,1067,19.0604,0,1.55159,0,2
609,269,5551,0,0,5528,23,10,2447,38,3724,23,1375,1189,170,1900,894,1341,1015,18.285,0,1.59337,0,2
610,269,5506,0,0,5466,40,27,2393,44,3927,13,1299,1194,157,1869,974,1379,1066,19.3607,0,1.64663,0,2
611,269,5615,0,0,5586,29,16,2528,45,4034,15,1369,1154,167,1938,972,1394,1075,19.1451,0,1.67616,0,2
612,269,5552,0,0,5526,26,18,2667,46,4144,18,1307,1144,170,1924,989,1360,1022,18.4078,0,1.70765,0,2
613,269,5642,0,0,5602,40,25,2594,40,4020,24,1402,1168,161,1874,1013,1366,1031,18.2737,0,1.67224,0,2
614,269,5545,0,0,5525,20,11,2551,43,3869,19,1369,1201,156,1860,940,1413,1079,19.459,0,1.63106,0,2
615,269,5631,0,0,5600,31,20,2545,41,3870,18,1382,1130,168,1967,966,1384,1047,18.5935,0,1.63132,0,2
616,269,5441,0,0,5427,14,4,2322,42,3755,17,1325,1203,169,1757,970,1264,936,17.2027,0,1.60128,0,2
617,269,5645,0,0,5599,46,30,2579,47,4261,22,1354,1197,134,1956,982,1431,1070,18.9548,0,1.74246,0,2
618,269,5454,0,0,5427,27,17,2591,42,4119,25,1249,1131,170,1886,993,1386,1056,19.3619,0,1.70039,0,2
619,269,5663,0,0,5643,20,7,2648,41,4035,27,1342,1228,156,1958,952,1392,1035,18.2765,0,1.67645,0,2
620,269,5532,0,0,5500,32,19,2470,40,3681,24,1336,1174,154,1915,929,1430,1089,19.6855,0,1.58253,0,2
621,269,5572,0,0,5543,29,17,2504,36,3910,34,1328,1195,154,1901,960,1386,1023,18.3597,0,1.64204,0,2
622,269,5654,0,0,5621,33,23,2532,41,4088,21,1342,1155,166,1989,981,1445,1079,19.0838,0,1.69147,0,2
623,269,5604,0,0,5586,18,8,2719,43,4080,21,1299,1179,162,2013,930,1363,1027,18.3262,0,1.68919,0,2
624,269,5502,0,0,5481,21,13,2482,41,3736,21,1337,1167,150,1883,944,1415,1086,19.7383,0,1.59642,0,2
625,269,5696,0,0,5681,15,2,2560,47,4032,14,1370,1167,168,2012,965,1449,1096,19.2416,0,1.6756,0,2
626,269,5546,0,0,5506,40,30,2516,43,3660,24,1308,1187,189,1919,919,1363,1044,18.8244,0,1.57729,0,2
627,269,5624,0,0,5565,59,35,2604,47,4151,27,1358,1183,167,1938,951,1377,1044,18.5633,0,1.70969,0,2
628,269,5612,0,0,5592,20,3,2351,44,4029,16,1240,1185,181,1969,1021,1357,1020,18.1753,0,1.67476,0,2
629,269,5505,0,0,5474,31,21,2409,43,3805,15,1288,1199,164,1856,983,1316,986,17.911,0,1.61421,0,2
630,269,5563,0,0,5541,22,10,2495,44,3940,17,1300,1202,164,1926,954,1316,1004,18.0478,0,1.65017,0,2
631,269,5514,0,0,5490,24,6,2488,43,3807,18,1327,1190,150,1890,939,1391,1055,19.1331,0,1.61473,0,2
632,269,5617,0,0,5597,20,7,2473,41,3747,21,1351,1211,170,1894,970,1415,1085,19.3164,0,1.59923,0,2
633,269,5513,0,0,5493,20,8,2699,41,4137,21,1283,1169,143,1949,948,1345,1021,18.5199,0,1.70561,0,2
634,269,5660,0,0,5624,36,21,2532,42,4018,21,1353,1258,180,1883,965,1373,1025,18.1095,0,1.67168,0,2
635,269,5549,0,0,5521,28,11,2585,36,3827,23,1347,1188,160,1876,955,1313,979,17.6428,0,1.61996,0,2
636,269,5524,0,0,5506,18,6,2457,43,4000,17,1293,1237,146,1818,1013,1336,992,17.958,0,1.66667,0,2
637,269,5571,0,0,5546,25,14,2514,49,3777,17,1320,1199,171,1865,999,1375,1034,18.5604,0,1.60694,0,2
638,269,5684,0,0,5640,44,34,2686,38,4007,24,1328,1191,167,2003,971,1406,1054,18.5433,0,1.66861,0,2
639,269,5540,0,0,5519,21,9,2506,44,3941,12,1384,1118,149,1907,970,1371,1068,19.278,0,1.65044,0,2
640,269,5575,0,0,5536,39,30,2517,42,3806,20,1320,1190,186,1832,1027,1345,1049,18.8161,0,1.61447,0,2
641,269,5599,0,0,5584,15,2,2586,43,3942,15,1347,1171,167,1909,990,1433,1072,19.1463,0,1.65071,0,2
642,269,5609,0,0,5587,22,6,2647,41,4196,23,1340,1178,162,1955,951,1414,1068,19.0408,0,1.72295,0,2
643,269,5659,0,0,5633,26,7,2345,43,3744,15,1334,1182,180,1956,992,1409,1059,18.7136,0,1.59847,0,2
644,269,5579,0,0,5556,23,5,2460,46,3980,21,1386,1183,160,1891,938,1408,1059,18.9819,0,1.66113,0,2
645,269,5636,0,0,5602,34,14,2451,46,3862,15,1327,1179,184,1961,970,1391,1044,18.5238,0,1.6292,0,2
646,269,5430,0,0,5400,30,16,2349,46,3930,13,1228,1196,146,1916,931,1338,1015,18.6924,0,1.64745,0,2
647,269,5553,0,0,5515,38,27,2462,42,3930,24,1320,1135,146,1903,1025,1393,1044,18.8006,0,1.64745,0,2
648,269,5620,0,0,5587,33,18,2503,45,3879,22,1326,1239,159,1936,938,1392,1033,18.3808,0,1.63372,0,2
649,269,5622,0,0,5596,26,11,2579,50,4033,22,1390,1203,150,1929,928,1378,1018,18.1074,0,1.67588,0,2
650,269,5578,0,0,5539,39,22,2359,42,3757,23,1318,1189,180,1903,965,1374,1019,18.2682,0,1.60179,0,2
651,269,5533,0,0,5502,31,13,2361,42,3864,21,1307,1180,188,1890,947,1438,1056,19.0855,0,1.62973,0,2
652,269,5608,0,0,5593,15,7,2570,42,4131,28,1367,1151,159,1941,962,1386,1038,18.5093,0,1.70387,0,2
653,269,5519,0,0,5496,23,11,2516,45,4110,17,1280,1159,174,1885,1004,1406,1047,18.9708,0,1.69779,0,2
654,269,5579,0,0,5559,20,4,2415,41,3969,23,1349,1163,169,1896,979,1353,1018,18.247,0,1.6581,0,2
655,269,5534,0,0,5483,51,30,2476,40,3762,24,1294,1166,173,1937,940,1397,1049,18.9555,0,1.60308,0,2
656,269,5633,0,0,5607,26,14,2464,44,3672,18,1346,1192,161,1909,1007,1399,1038,18.4271,0,1.58028,0,2
657,269,5655,0,0,5646,9,0,2487,40,3819,24,1323,1171,178,1948,1011,1388,1055,18.6561,0,1.61786,0,2
658,269,5601,0,0,5569,32,16,2475,41,3647,13,1348,1175,173,1925,967,1387,1056,18.8538,0,1.57406,0,2
659,269,5643,0,0,5620,23,9,2620,42,3881,20,1375,1169,191,1939,949,1384,1046,18.5362,0,1.63425,0,2
660,269,5616,0,0,5595,21,11,2488,44,3976,23,1335,1226,151,1896,985,1390,1059,18.8568,0,1.66003,0,2
661,269,5503,0,0,5490,13,3,2538,41,4137,28,1271,1198,149,1888,969,1369,1017,18.4808,0,1.70561,0,2
662,269,5534,0,0,5508,26,5,2492,43,3809,13,1315,1186,161,1891,968,1372,1039,18.7748,0,1.61525,0,2
663,269,5505,0,0,5484,21,10,2435,49,4064,14,1250,1167,182,1923,969,1422,1080,19.6185,0,1.68464,0,2
664,269,5583,0,0,5553,30,17,2499,43,4194,27,1348,1226,158,1867,957,1420,1066,19.0937,0,1.72236,0,2
665,269,5562,0,0,5537,25,16,2484,46,3913,26,1326,1215,149,1910,936,1378,1033,18.5725,0,1.64285,0,2
666,269,5594,0,0,5578,16,3,2559,40,3884,25,1308,1186,160,1938,977,1359,1023,18.2875,0,1.63506,0,2
667,269,5571,0,0,5540,31,13,2459,39,3703,22,1328,1145,167,1901,1008,1338,1049,18.8297,0,1.58806,0,2
668,269,5588,0,0,5560,28,15,2486,44,3922,18,1332,1218,147,1864,1009,1392,1032,18.4681,0,1.64528,0,2
669,269,5682,0,0,5651,31,23,2682,43,4077,20,1336,1207,162,1960,997,1423,1084,19.0778,0,1.68833,0,2
670,269,5479,0,0,5435,44,25,2434,40,3750,21,1331,1191,145,1901,890,1391,1084,19.7846,0,1.6,0,2
671,269,5545,0,0,5519,26,10,2380,38,3622,29,1322,1110,173,1930,981,1394,1030,18.5753,0,1.56789,0,2
672,269,5625,0,0,5614,11,4,2503,40,3729,18,1390,1185,147,1929,956,1408,1060,18.8444,0,1.59464,0,2
673,269,5643,0,0,5622,21,9,2518,44,3797,21,1355,1235,171,1908,953,1412,1047,18.554,0,1.61212,0,2
674,269,5764,0,0,5738,26,13,2444,37,3674,27,1439,1149,166,1987,996,1395,1043,18.0951,0,1.58078,0,2
675,269,5536,0,0,5506,30,16,2450,42,4061,18,1282,1215,178,1874,969,1294,986,17.8107,0,1.68379,0,2
676,269,5514,0,0,5494,20,5,2587,43,4073,18,1263,1129,142,1956,1006,1359,1038,18.8248,0,1.68719,0,2
677,269,5576,0,0,5555,21,9,2565,42,3999,15,1354,1215,164,1913,915,1338,997,17.8802,0,1.66639,0,2
678,269,5534,0,0,5514,20,5,2498,39,3862,19,1331,1191,169,1874,950,1407,1086,19.6241,0,1.6292,0,2
679,269,5575,0,0,5539,36,23,2441,53,3879,14,1407,1221,160,1812,961,1417,1076,19.3004,0,1.63372,0,2
680,269,5581,0,0,5538,43,32,2438,49,3936,19,1254,1211,157,2018,922,1368,1014,18.1688,0,1.64908,0,2
681,269,5560,0,0,5526,34,17,2549,41,3948,22,1260,1232,166,1895,985,1429,1073,19.2986,0,1.65235,0,2
682,269,5608,0,0,5575,33,14,2586,46,4146,16,1306,1179,194,1973,940,1403,1055,18.8124,0,1.70823,0,2
683,269,5708,0,0,5658,50,32,2662,39,3988,21,1377,1210,162,1950,988,1456,1111,19.4639,0,1.66334,0,2
684,269,5415,0,0,5400,15,3,2385,42,3843,21,1262,1211,174,1797,950,1280,959,17.7101,0,1.62417,0,2
685,269,5558,0,0,5542,16,3,2548,41,3870,14,1297,1172,178,1930,967,1415,1059,19.0536,0,1.63132,0,2
686,269,5541,0,0,5527,14,4,2605,39,3802,19,1300,1165,146,1944,967,1361,1034,18.6609,0,1.61342,0,2
687,269,5553,0,0,5516,37,26,2502,39,3689,16,1302,1170,163,1971,931,1401,1023,18.4225,0,1.58453,0,2
688,269,5553,0,0,5530,23,12,2632,40,3939,23,1285,1204,125,1933,983,1357,1007,18.1343,0,1.64989,0,2
689,269,5557,0,0,5538,19,8,2514,47,3993,22,1284,1188,171,1962,930,1399,1061,19.093,0,1.66472,0,2
690,269,5661,0,0,5638,23,9,2473,50,3985,10,1386,1180,167,1905,1013,1381,1024,18.0887,0,1.66251,0,2
691,269,5615,0,0,5575,40,25,2456,41,4130,23,1374,1184,166,1874,994,1412,1048,18.6643,0,1.70358,0,2
692,269,5529,0,0,5501,28,17,2561,43,3924,24,1332,1146,169,1929,929,1353,1007,18.2131,0,1.64582,0,2
693,269,5498,0,0,5486,12,0,2346,40,3470,23,1347,1187,138,1859,944,1384,1049,19.0797,0,1.53139,0,2
694,269,5540,0,0,5511,29,16,2542,41,4094,16,1307,1126,171,1940,980,1390,1020,18.4116,0,1.69319,0,2
695,269,5521,0,0,5504,17,3,2616,38,4008,25,1329,1174,147,1863,983,1370,1003,18.167,0,1.66889,0,2
696,269,5539,0,0,5532,7,0,2380,42,3813,23,1277,1219,141,1907,972,1412,1074,19.3898,0,1.61629,0,2
697,269,5634,0,0,5615,19,5,2524,40,3972,24,1351,1149,155,1957,998,1415,1058,18.7788,0,1.65893,0,2
698,269,5580,0,0,5554,26,13,2591,41,3998,19,1302,1198,133,1905,1023,1379,1010,18.1004,0,1.66611,0,2
699,269,5608,0,0,5590,18,9,2706,41,4207,18,1342,1232,152,1912,952,1369,1024,18.2596,0,1.72622,0,2
700,269,5604,0,0,5589,15,0,2533,37,3845,23,1375,1183,163,1883,977,1383,1037,18.5046,0,1.6247,0,2
701,269,5572,0,0,5539,33,18,2474,39,3725,24,1336,1155,186,1911,960,1391,1070,19.2032,0,1.59363,0,2
702,269,5616,0,0,5561,55,40,2559,38,3778,22,1413,1153,141,1951,936,1383,1024,18.2336,0,1.6072,0,2
703,269,5611,0,0,5586,25,11,2480,47,3804,15,1387,1143,178,1944,944,1422,1069,19.0519,0,1.61394,0,2
704,269,5484,0,0,5441,43,29,2479,45,3851,15,1363,1149,182,1885,890,1340,974,17.7608,0,1.62628,0,2
705,269,5663,0,0,5645,18,5,2496,42,4070,24,1357,1168,145,1962,1007,1370,1004,17.7291,0,1.68634,0,2
706,269,5534,0,0,5489,45,30,2617,41,4005,14,1311,1185,189,1872,963,1392,1058,19.1182,0,1.66806,0,2
707,269,5547,0,0,5525,22,5,2534,42,4049,24,1307,1160,143,1917,996,1429,1076,19.3979,0,1.68039,0,2
708,269,5581,0,0,5559,22,11,2670,42,3994,24,1311,1232,182,1865,967,1406,1064,19.0647,0,1.665,0,2
709,269,5549,0,0,5493,56,38,2500,43,3935,17,1367,1138,145,1955,927,1345,1001,18.0393,0,1.6488,0,2
710,269,5547,0,0,5522,25,8,2492,47,3921,18,1318,1104,180,1960,967,1297,976,17.5951,0,1.64501,0,2
711,269,5644,0,0,5608,36,17,2503,43,3878,23,1381,1176,170,1890,1004,1419,1052,18.6393,0,1.63345,0,2
712,269,5553,0,0,5527,26,4,2555,42,3578,18,1326,1153,173,1841,1042,1388,1046,18.8367,0,1.55715,0,2
713,269,5680,0,0,5670,10,0,2478,43,3854,11,1379,1235,174,1937,944,1476,1154,20.3169,0,1.62707,0,2
714,269,5638,0,0,5627,11,6,2545,40,4051,28,1338,1172,170,1939,991,1351,1018,18.056,0,1.68095,0,2
715,269,5551,0,0,5522,29,13,2519,47,4065,20,1323,1179,179,1879,971,1418,1093,19.6901,0,1.68492,0,2
716,269,5609,0,0,5584,25,10,2528,41,3965,14,1373,1139,137,1918,1028,1346,1018,18.1494,0,1.657,0,2
717,269,5431,0,0,5394,37,18,2423,42,4152,19,1300,1190,138,1818,966,1401,1051,19.3519,0,1.70999,0,2
718,269,5606,0,0,5587,19,8,2564,41,4105,18,1313,1197,154,1909,1015,1379,1045,18.6407,0,1.69635,0,2
719,269,5527,0,0,5511,16,8,2501,44,4185,16,1280,1126,172,1940,993,1387,1050,18.9976,0,1.71969,0,2
720,269,5555,0,0,5525,30,10,2318,52,3727,17,1303,1152,156,1938,989,1388,1046,18.8299,0,1.59413,0,2
721,269,5550,0,0,5524,26,13,2357,57,3694,10,1319,1145,161,1867,1048,1418,1091,19.6577,0,1.58579,0,2
722,269,5635,0,0,5617,18,8,2495,42,3933,18,1379,1185,176,1917,960,1498,1146,20.3372,0,1.64826,0,2
723,269,5750,0,0,5718,32,20,2701,44,4198,13,1355,1261,160,1993,968,1441,1110,19.3043,0,1.72354,0,2
724,269,5557,0,0,5541,16,7,2583,44,4006,18,1308,1211,161,1929,930,1391,1071,19.273,0,1.66834,0,2
725,269,5634,0,0,5605,29,16,2553,39,4157,29,1314,1138,154,2009,990,1362,1012,17.9624,0,1.71145,0,2
726,269,5592,0,0,5557,35,20,2433,43,3864,18,1295,1185,169,1947,978,1377,1059,18.9378,0,1.62973,0,2
727,269,5628,0,0,5616,12,0,2495,44,3966,17,1329,1232,157,1912,981,1398,1065,18.9232,0,1.65728,0,2
728,269,5608,0,0,5585,23,14,2509,40,3954,23,1364,1210,143,1872,996,1361,1041,18.5628,0,1.65399,0,2
729,269,5724,0,0,5697,27,15,2578,47,4018,22,1415,1197,192,1934,964,1374,1022,17.8546,0,1.67168,0,2
730,269,5570,0,0,5542,28,21,2566,42,4251,25,1285,1239,153,1861,1007,1464,1107,19.8743,0,1.73943,0,2
731,269,5656,0,0,5632,24,16,2610,43,4071,20,1376,1169,152,1920,1019,1444,1087,19.2185,0,1.68663,0,2
732,269,5539,0,0,5506,33,22,2440,42,4062,23,1322,1166,166,1941,921,1344,1018,18.3788,0,1.68407,0,2
733,269,5610,0,0,5597,13,1,2491,45,4104,18,1360,1184,173,1865,1010,1396,1044,18.6096,0,1.69607,0,2
734,269,5658,0,0,5634,24,16,2575,40,4028,26,1344,1183,169,1956,980,1403,1061,18.7522,0,1.67448,0,2
735,269,5565,0,0,5543,22,11,2498,41,4126,21,1332,1203,160,1871,978,1398,1059,19.0296,0,1.70242,0,2
736,269,5569,0,0,5542,27,15,2512,43,3919,18,1291,1177,181,1873,1029,1394,1067,19.1596,0,1.64447,0,2
737,269,5509,0,0,5477,32,16,2498,40,3773,20,1312,1138,169,1926,944,1357,1015,18.4244,0,1.60591,0,2
738,269,5527,0,0,5491,36,26,2587,41,4165,23,1285,1173,151,1884,1011,1363,1033,18.6901,0,1.7138,0,2
739,269,5691,0,0,5655,36,26,2583,40,3873,24,1346,1198,169,1935,1019,1373,1051,18.4678,0,1.63212,0,2
740,269,5601,0,0,5572,29,16,2599,41,4029,18,1355,1234,138,1894,962,1369,1046,18.6752,0,1.67476,0,2
741,269,5708,0,0,5690,18,4,2465,40,3947,19,1354,1214,187,1924,1010,1405,1052,18.4303,0,1.65207,0,2
742,269,5648,0,0,5621,27,14,2477,44,3948,17,1333,1238,170,1925,965,1362,1047,18.5375,0,1.65235,0,2
743,269,5636,0,0,5607,29,10,2499,42,3886,27,1364,1217,175,1912,941,1331,1025,18.1867,0,1.63559,0,2
744,269,5470,0,0,5442,28,17,2507,38,3687,15,1271,1139,154,1933,958,1387,1058,19.3419,0,1.58403,0,2
745,269,5532,0,0,5511,21,8,2426,42,3782,24,1325,1173,167,1919,924,1366,1028,18.5828,0,1.60823,0,2
746,269,5566,0,0,5537,29,13,2362,42,3931,18,1306,1209,163,1884,986,1434,1066,19.152,0,1.64772,0,2
747,269,5538,0,0,5493,45,25,2448,43,3713,13,1277,1242,178,1863,965,1348,1024,18.4904,0,1.59058,0,2
748,269,5502,0,0,5481,21,9,2444,42,3795,16,1316,1179,150,1864,977,1325,1027,18.6659,0,1.6116,0,2
749,269,5582,0,0,5555,27,16,2585,41,4064,29,1307,1192,176,1917,961,1330,1016,18.2014,0,1.68464,0,2
750,269,5575,0,0,5551,24,12,2500,43,3804,21,1326,1197,169,1942,920,1397,1041,18.6726,0,1.61394,0,2
751,269,5577,0,0,5547,30,17,2399,43,3604,21,1345,1125,157,1988,941,1379,1063,19.0604,0,1.56348,0,2
752,269,5589,0,0,5551,38,22,2453,40,3743,20,1352,1119,165,1924,1009,1374,1034,18.5006,0,1.59821,0,2
753,269,5647,0,0,5618,29,12,2494,41,4061,28,1374,1208,144,1892,1001,1395,1061,18.7887,0,1.68379,0,2
754,269,5545,0,0,5516,29,14,2562,43,3999,22,1312,1173,165,1897,976,1300,1000,18.0343,0,1.66639,0,2
755,269,5453,0,0,5431,22,10,2430,42,4218,26,1269,1172,157,1882,947,1411,1079,19.7873,0,1.72951,0,2
756,269,5570,0,0,5557,13,4,2406,41,3677,19,1367,1199,164,1857,964,1355,1005,18.0431,0,1.58153,0,2
757,269,5590,0,0,5574,16,5,2511,41,3761,20,1326,1218,136,1862,1028,1394,1038,18.5689,0,1.60282,0,2
758,269,5589,0,0,5540,49,32,2458,43,3813,17,1343,1172,161,1899,997,1401,1056,18.8943,0,1.61629,0,2
759,269,5563,0,0,5522,41,25,2411,54,3719,15,1307,1223,152,1850,1016,1418,1062,19.0904,0,1.5921,0,2
760,269,5653,0,0,5624,29,18,2413,38,3945,30,1364,1224,169,1946,920,1428,1079,19.0872,0,1.65153,0,2
761,269,5461,0,0,5451,10,2,2385,45,3928,16,1298,1162,159,1854,972,1405,1083,19.8315,0,1.6469,0,2
762,269,5554,0,0,5524,30,17,2519,37,3795,22,1349,1206,160,1939,878,1357,1001,18.023,0,1.6116,0,2
763,269,5594,0,0,5568,26,13,2372,41,3804,24,1255,1263,171,1902,979,1411,1059,18.931,0,1.61394,0,2
764,269,5586,0,0,5564,22,4,2641,50,4164,18,1360,1150,156,1881,1021,1396,1072,19.1908,0,1.7135,0,2
765,269,5632,0,0,5609,23,8,2538,46,4142,16,1382,1153,178,1929,974,1370,1032,18.3239,0,1.70707,0,2
766,269,5533,0,0,5513,20,3,2453,40,3759,22,1299,1133,175,1967,937,1315,1006,18.1818,0,1.60231,0,2
767,269,5597,0,0,5571,26,14,2487,42,3929,16,1307,1192,178,1931,973,1430,1072,19.1531,0,1.64718,0,2
768,269,5598,0,0,5577,21,13,2494,41,3794,17,1355,1188,184,1960,894,1407,1042,18.6138,0,1.61134,0,2
769,269,5521,0,0,5480,41,29,2539,44,4119,21,1304,1152,156,1951,937,1368,1032,18.6923,0,1.70039,0,2
770,269,5478,0,0,5461,17,6,2519,43,3827,18,1252,1203,158,1899,948,1400,1076,19.6422,0,1.61996,0,2
771,269,5621,0,0,5599,22,8,2485,44,3807,18,1329,1185,168,1944,977,1386,1037,18.4487,0,1.61473,0,2
772,269,5673,0,0,5662,11,2,2508,42,3846,24,1362,1225,168,1930,964,1408,1052,18.544,0,1.62496,0,2
773,269,5668,0,0,5648,20,11,2612,45,3872,12,1360,1198,155,1994,949,1357,1045,18.4368,0,1.63185,0,2
774,269,5568,0,0,5545,23,7,2378,47,3856,19,1334,1145,163,1952,955,1397,1051,18.8757,0,1.6276,0,2
775,269,5557,0,0,5539,18,7,2254,44,3777,21,1279,1173,156,1930,998,1377,1030,18.5352,0,1.60694,0,2
776,269,5546,0,0,5527,19,6,2560,43,3985,22,1301,1155,167,1936,965,1354,1012,18.2474,0,1.66251,0,2
777,269,5552,0,0,5523,29,15,2451,45,4110,17,1326,1175,161,1891,982,1376,1060,19.0922,0,1.69779,0,2
778,269,5721,0,0,5699,22,13,2540,45,3963,12,1375,1231,171,1986,946,1422,1075,18.7904,0,1.65645,0,2
779,269,5516,0,0,5492,24,13,2551,40,4020,22,1313,1164,156,1908,953,1383,1059,19.1987,0,1.67224,0,2
780,269,5550,0,0,5514,36,17,2553,41,4314,22,1295,1218,138,1897,980,1368,1040,18.7387,0,1.75871,0,2
781,269,5576,0,0,5546,30,16,2363,42,3669,23,1328,1174,192,1931,928,1435,1086,19.4763,0,1.57953,0,2
782,269,5609,0,0,5579,30,17,2547,43,3938,24,1359,1189,156,1901,980,1367,1016,18.1137,0,1.64962,0,2
783,269,5595,0,0,5567,28,14,2458,42,3775,21,1370,1160,165,1894,985,1364,1003,17.9267,0,1.60643,0,2
784,269,5572,0,0,5534,38,22,2550,44,3960,15,1322,1235,144,1901,955,1370,1040,18.6648,0,1.65563,0,2
785,269,5599,0,0,5568,31,16,2626,44,3966,16,1313,1199,159,1948,964,1429,1072,19.1463,0,1.65728,0,2
786,269,5556,0,0,5519,37,12,2527,40,3841,18,1313,1136,136,2003,950,1313,997,17.9446,0,1.62364,0,2
787,269,5589,0,0,5568,21,7,2467,44,3974,17,1355,1209,153,1836,1019,1432,1095,19.5921,0,1.65948,0,2
788,269,5701,0,0,5672,29,15,2499,39,3682,23,1411,1148,176,1987,956,1378,1063,18.6459,0,1.58278,0,2
789,269,5529,0,0,5487,42,31,2432,40,3997,23,1260,1153,174,1934,985,1374,1032,18.6652,0,1.66583,0,2
790,269,5556,0,0,5520,36,22,2542,41,3939,20,1314,1166,154,1936,966,1380,1043,18.7725,0,1.64989,0,2
791,269,5560,0,0,5518,42,27,2474,44,3929,19,1337,1204,150,1900,950,1370,1030,18.5252,0,1.64718,0,2
792,269,5649,0,0,5627,22,7,2434,46,3806,16,1296,1227,180,1969,961,1377,1048,18.552,0,1.61447,0,2
793,269,5534,0,0,5507,27,18,2308,40,3590,31,1304,1197,173,1868,961,1347,1002,18.1063,0,1.56006,0,2
794,269,5622,0,0,5603,19,10,2564,44,3894,15,1391,1213,178,1824,1001,1356,1015,18.0541,0,1.63773,0,2
795,269,5626,0,0,5582,44,32,2580,45,3784,13,1357,1222,175,1865,994,1386,1032,18.3434,0,1.60875,0,2
796,269,5637,0,0,5609,28,12,2663,39,4116,23,1335,1195,157,1922,1005,1458,1107,19.6381,0,1.69952,0,2
797,269,5640,0,0,5594,46,36,2758,40,4134,24,1370,1187,181,1931,947,1347,973,17.2518,0,1.70474,0,2
798,269,5470,0,0,5438,32,12,2450,44,3866,16,1304,1136,164,1910,940,1374,1060,19.3784,0,1.63026,0,2
799,269,5574,0,0,5550,24,15,2430,51,4008,19,1333,1168,159,1937,958,1396,1048,18.8016,0,1.66889,0,2
800,269,5618,0,0,5595,23,8,2450,37,3682,32,1355,1154,195,1914,968,1403,1071,19.0637,0,1.58278,0,2
801,269,5723,0,0,5708,15,6,2539,45,3822,16,1439,1171,180,1896,1021,1414,1052,18.382,0,1.61865,0,2
802,269,5655,0,0,5612,43,30,2643,41,4081,26,1325,1228,165,1983,928,1404,1062,18.7798,0,1.68947,0,2
803,269,5565,0,0,5531,34,24,2548,46,3901,18,1292,1181,171,1929,974,1350,1047,18.814,0,1.63961,0,2
804,269,5536,0,0,5510,26,9,2319,41,3714,21,1301,1190,196,1881,947,1432,1083,19.5629,0,1.59084,0,2
805,269,5616,0,0,5593,23,12,2569,41,3930,21,1310,1222,179,1894,990,1330,1004,17.8775,0,1.64745,0,2
806,269,5508,0,0,5484,24,14,2476,44,3976,14,1299,1196,183,1891,925,1381,1061,19.2629,0,1.66003,0,2
807,269,5552,0,0,5531,21,11,2304,45,3694,20,1270,1252,152,1871,987,1373,1040,18.732,0,1.58579,0,2
808,269,5570,0,0,5532,38,23,2465,45,4182,17,1315,1221,170,1952,895,1383,1023,18.3662,0,1.7188,0,2
809,269,5550,0,0,5532,18,7,2560,42,4177,22,1324,1225,168,1845,966,1400,1072,19.3153,0,1.71733,0,2
810,269,5637,0,0,5604,33,19,2648,44,4045,16,1331,1166,180,2004,940,1463,1091,19.3543,0,1.67926,0,2
811,269,5526,0,0,5481,45,28,2544,39,3723,19,1317,1160,156,1887,987,1341,987,17.861,0,1.59312,0,2
812,269,5624,0,0,5599,25,8,2562,43,3974,24,1352,1235,153,1909,951,1417,1076,19.1323,0,1.65948,0,2
813,269,5588,0,0,5558,30,14,2638,47,4143,18,1363,1188,187,1814,1018,1398,1074,19.2198,0,1.70736,0,2
814,269,5671,0,0,5640,31,16,2631,38,3941,28,1425,1162,175,1905,976,1397,1074,18.9385,0,1.65044,0,2
815,269,5567,0,0,5555,12,7,2524,39,3904,27,1245,1204,142,1985,964,1419,1070,19.2204,0,1.64042,0,2
816,269,5513,0,0,5488,25,9,2478,42,3822,19,1260,1222,196,1872,944,1335,1028,18.6468,0,1.61865,0,2
817,269,5502,0,0,5479,23,9,2471,41,4002,19,1321,1166,153,1939,904,1333,1017,18.4842,0,1.66722,0,2
818,269,5645,0,0,5625,20,12,2558,42,4264,22,1376,1176,139,1959,973,1401,1030,18.2462,0,1.74338,0,2
819,269,5568,0,0,5529,39,16,2607,54,4072,15,1298,1206,189,1907,953,1417,1081,19.4145,0,1.68691,0,2
820,269,5515,0,0,5493,22,7,2497,41,4026,23,1350,1181,151,1865,945,1374,1044,18.9302,0,1.67392,0,2
821,269,5558,0,0,5534,24,12,2549,37,3746,32,1335,1222,142,1877,950,1400,1049,18.8737,0,1.59898,0,2
822,269,5573,0,0,5541,32,20,2580,41,4052,16,1326,1148,170,2005,908,1381,1050,18.8408,0,1.68124,0,2
823,269,5746,0,0,5710,36,22,2589,40,3996,23,1395,1234,200,1941,953,1435,1081,18.8131,0,1.66556,0,2
824,269,5597,0,0,5565,32,19,2606,43,4094,22,1347,1236,165,1895,932,1380,994,17.7595,0,1.69319,0,2
825,269,5510,0,0,5479,31,20,2524,42,3771,21,1335,1188,156,1882,928,1376,1026,18.6207,0,1.60539,0,2
826,269,5622,0,0,5599,23,9,2514,41,3880,21,1354,1158,182,1913,994,1370,1026,18.2497,0,1.63399,0,2
827,269,5606,0,0,5583,23,4,2466,43,3853,19,1330,1174,179,1925,979,1398,1065,18.9975,0,1.62681,0,2
828,269,5548,0,0,5532,16,5,2442,37,3700,20,1312,1170,165,1913,968,1432,1083,19.5205,0,1.5873,0,2
829,269,5603,0,0,5575,28,19,2563,38,3744,21,1352,1162,160,1963,945,1356,1024,18.2759,0,1.59847,0,2
830,269,5583,0,0,5535,48,33,2453,44,3951,16,1324,1186,150,1916,991,1397,1068,19.1295,0,1.65317,0,2
831,269,5685,0,0,5650,35,13,2634,43,4143,16,1356,1209,178,1965,961,1471,1135,19.9648,0,1.70736,0,2
832,269,5548,0,0,5513,35,20,2451,41,4067,25,1300,1204,173,1871,975,1370,1040,18.7455,0,1.68549,0,2
833,269,5595,0,0,5560,35,19,2602,44,4135,14,1379,1177,145,1916,964,1383,1057,18.8919,0,1.70503,0,2
834,269,5515,0,0,5503,12,3,2577,39,3967,27,1316,1231,144,1856,941,1336,976,17.6972,0,1.65755,0,2
835,269,5582,0,0,5549,33,21,2544,43,4327,13,1354,1189,153,1915,958,1390,1047,18.7567,0,1.76274,0,2
836,269,5655,0,0,5635,20,13,2560,39,4070,33,1336,1216,162,1923,985,1437,1066,18.8506,0,1.68634,0,2
837,269,5675,0,0,5633,42,28,2559,45,4048,16,1437,1244,144,1906,928,1418,1091,19.2247,0,1.68011,0,2
838,269,5560,0,0,5518,42,24,2447,43,4177,20,1316,1187,170,1926,941,1369,1028,18.4892,0,1.71733,0,2
839,269,5597,0,0,5573,24,9,2483,46,3934,24,1367,1165,171,1911,959,1371,1037,18.5278,0,1.64853,0,2
840,269,5675,0,0,5633,42,25,2617,44,4037,19,1365,1222,184,1929,956,1369,1027,18.0969,0,1.67701,0,2
841,269,5676,0,0,5638,38,20,2541,41,4036,25,1432,1210,156,1919,934,1366,1036,18.2523,0,1.67673,0,2
842,269,5572,0,0,5540,32,24,2530,46,4149,17,1372,1236,165,1867,915,1401,1027,18.4314,0,1.70911,0,2
843,269,5529,0,0,5499,30,14,2490,42,4115,17,1304,1182,171,1828,1027,1378,1059,19.1536,0,1.69924,0,2
844,269,5571,0,0,5536,35,15,2470,40,3843,27,1376,1131,158,1922,957,1364,1036,18.5963,0,1.62417,0,2
845,269,5608,0,0,5563,45,27,2530,45,4075,20,1407,1180,172,1847,982,1398,1056,18.8302,0,1.68776,0,2
846,269,5573,0,0,5560,13,0,2481,42,4125,23,1302,1210,161,1901,976,1400,1080,19.3791,0,1.70213,0,2
847,269,5517,0,0,5493,24,5,2552,45,3879,20,1326,1145,165,1918,943,1366,1001,18.1439,0,1.63372,0,2
848,269,5503,0,0,5476,27,13,2433,46,3749,15,1301,1149,176,1861,1001,1372,1026,18.6444,0,1.59974,0,2
849,269,5566,0,0,5538,28,14,2608,39,3888,19,1319,1129,154,1979,966,1381,1065,19.134,0,1.63613,0,2
850,269,5696,0,0,5670,26,15,2560,39,3864,24,1429,1185,149,1933,976,1463,1081,18.9782,0,1.62973,0,2
851,269,5507,0,0,5482,25,12,2472,43,3686,10,1347,1135,149,1905,961,1303,974,17.6866,0,1.58378,0,2
852,269,5596,0,0,5559,37,26,2480,41,3851,19,1319,1225,180,1813,1040,1341,991,17.7091,0,1.62628,0,2
853,269,5541,0,0,5518,23,8,2472,40,3803,25,1320,1206,176,1853,961,1363,1017,18.3541,0,1.61368,0,2
854,269,5704,0,0,5682,22,7,2646,44,4113,18,1420,1231,184,1886,965,1415,1067,18.7062,0,1.69866,0,2
855,269,5556,0,0,5541,15,2,2398,41,3755,22,1393,1144,157,1861,979,1450,1115,20.0684,0,1.60128,0,2
856,269,5511,0,0,5498,13,2,2459,40,3947,25,1313,1218,155,1800,1000,1390,1052,19.0891,0,1.65207,0,2
857,269,5585,0,0,5557,28,15,2636,44,4126,23,1342,1158,163,1909,990,1377,1050,18.8004,0,1.70242,0,2
858,269,5587,0,0,5553,34,16,2447,42,3851,19,1347,1172,166,1911,972,1350,993,17.7734,0,1.62628,0,2
859,269,5620,0,0,5596,24,12,2521,43,3920,22,1329,1170,154,1938,1007,1398,1067,18.9858,0,1.64474,0,2
860,269,5591,0,0,5554,37,21,2446,44,3867,19,1364,1211,172,1893,932,1411,1068,19.1021,0,1.63052,0,2
861,269,5609,0,0,5582,27,14,2586,38,3998,20,1281,1168,181,1936,1023,1411,1045,18.6308,0,1.66611,0,2
862,269,5517,0,0,5467,50,30,2642,42,3879,24,1309,1188,177,1849,970,1377,1035,18.7602,0,1.63372,0,2
863,269,5540,0,0,5509,31,18,2556,43,4136,17,1305,1188,150,1978,902,1398,1072,19.3502,0,1.70532,0,2
864,269,5554,0,0,5525,29,13,2403,44,4068,20,1351,1205,182,1830,966,1351,1022,18.4012,0,1.68577,0,2
865,269,5659,0,0,5644,15,1,2589,43,4229,24,1419,1247,182,1869,918,1364,1039,18.3601,0,1.7328,0,2
866,269,5684,0,0,5661,23,10,2579,42,4111,11,1377,1225,153,1903,1015,1409,1080,19.0007,0,1.69808,0,2
867,269,5675,0,0,5648,27,12,2636,45,4037,18,1359,1190,195,1969,944,1461,1106,19.489,0,1.67701,0,2
868,269,5641,0,0,5626,15,4,2406,45,3763,14,1408,1182,167,1896,974,1392,1052,18.6492,0,1.60333,0,2
869,269,5573,0,0,5552,21,6,2347,45,3934,22,1268,1129,164,1985,1005,1324,968,17.3695,0,1.64853,0,2
870,269,5574,0,0,5539,35,17,2524,44,3824,13,1357,1146,187,1871,1000,1390,1053,18.8913,0,1.61917,0,2
871,269,5656,0,0,5622,34,19,2555,42,3974,19,1375,1213,171,1947,931,1412,1083,19.1478,0,1.65948,0,2
872,269,5570,0,0,5535,35,20,2432,40,3760,19,1336,1194,177,1893,951,1411,1048,18.8151,0,1.60256,0,2
873,269,5632,0,0,5606,26,14,2591,42,3997,20,1335,1221,179,1885,992,1415,1046,18.5724,0,1.66583,0,2
874,269,5546,0,0,5530,16,1,2443,46,3812,16,1310,1169,162,1927,962,1369,1046,18.8604,0,1.61603,0,2
875,269,5734,0,0,5712,22,8,2424,43,3816,12,1375,1210,209,1933,995,1440,1103,19.2361,0,1.61708,0,2
876,269,5461,0,0,5445,16,7,2556,41,3889,18,1263,1153,153,1886,988,1360,1026,18.7878,0,1.63639,0,2
877,269,5638,0,0,5624,14,2,2543,43,3838,14,1436,1184,158,1906,940,1388,1061,18.8187,0,1.62285,0,2
878,269,5495,0,0,5465,30,19,2483,40,4074,26,1209,1187,164,1939,970,1338,1004,18.2712,0,1.68748,0,2
879,269,5606,0,0,5582,24,11,2582,46,3990,14,1314,1210,161,1948,959,1404,1060,18.9083,0,1.66389,0,2
880,269,5628,0,0,5585,43,20,2540,41,3972,17,1356,1180,170,1957,948,1427,1092,19.403,0,1.65893,0,2
881,269,5600,0,0,5564,36,26,2489,44,4009,17,1335,1234,155,1919,940,1315,1000,17.8571,0,1.66917,0,2
882,269,5509,0,0,5462,47,35,2569,53,4023,11,1318,1158,148,1959,915,1421,1066,19.3502,0,1.67308,0,2
883,269,5523,0,0,5503,20,13,2578,40,3980,25,1323,1213,154,1870,938,1357,997,18.0518,0,1.66113,0,2
884,269,5492,0,0,5476,16,5,2417,39,3718,28,1227,1194,160,1921,962,1419,1078,19.6286,0,1.59185,0,2
885,269,5615,0,0,5598,17,5,2535,44,3881,18,1358,1211,155,1928,945,1410,1083,19.2876,0,1.63425,0,2
886,269,5653,0,0,5625,28,17,2516,46,4019,15,1391,1190,154,1911,992,1420,1076,19.0341,0,1.67196,0,2
887,269,5542,0,0,5518,24,12,2446,42,3775,19,1352,1181,166,1906,918,1425,1064,19.1988,0,1.60643,0,2
888,269,5562,0,0,5532,30,18,2542,41,3968,17,1291,1252,153,1927,922,1403,1071,19.2557,0,1.65782,0,2
889,269,5521,0,0,5504,17,3,2350,42,3932,20,1286,1209,164,1876,966,1405,1067,19.3262,0,1.64799,0,2
890,269,5657,0,0,5626,31,16,2580,44,4114,26,1386,1147,171,1953,974,1461,1108,19.5864,0,1.69895,0,2
891,269,5631,0,0,5600,31,19,2589,41,4129,18,1382,1179,164,1883,1005,1379,1036,18.3982,0,1.70329,0,2
892,269,5640,0,0,5630,10,4,2703,38,3912,25,1328,1233,161,1902,991,1407,1057,18.7411,0,1.64258,0,2
893,269,5454,0,0,5414,40,22,2481,46,3970,17,1324,1234,175,1760,944,1316,979,17.9501,0,1.65837,0,2
894,269,5712,0,0,5689,23,8,2563,40,4031,26,1398,1231,154,1966,937,1427,1027,17.9797,0,1.67532,0,2
895,269,5664,0,0,5643,21,9,2550,40,4021,21,1357,1291,165,1923,907,1369,1031,18.2027,0,1.67252,0,2
896,269,5452,0,0,5418,34,24,2433,47,3637,12,1295,1134,158,1909,944,1354,1006,18.4519,0,1.57159,0,2
897,269,5627,0,0,5593,34,24,2376,40,3675,22,1327,1174,182,1897,1025,1439,1091,19.3887,0,1.58103,0,2
898,269,5497,0,0,5468,29,16,2435,42,3798,21,1265,1173,176,1903,959,1349,988,17.9734,0,1.61238,0,2
899,269,5575,0,0,5555,20,3,2427,49,3837,16,1366,1156,157,1928,952,1383,1035,18.565,0,1.62259,0,2
900,269,5621,0,0,5593,28,10,2577,43,4136,18,1358,1171,173,1906,995,1391,1038,18.4665,0,1.70532,0,2
901,269,5649,0,0,5615,34,22,2509,40,3826,20,1367,1163,151,1930,1018,1411,1066,18.8706,0,1.6197,0,2
902,269,5472,0,0,5446,26,14,2405,46,3965,14,1321,1205,145,1845,942,1318,996,18.2018,0,1.657,0,2
903,269,5501,0,0,5476,25,13,2506,42,3973,19,1339,1176,146,1871,950,1372,1044,18.9784,0,1.6592,0,2
904,269,5583,0,0,5555,28,11,2381,44,3872,14,1308,1148,171,1964,978,1396,1038,18.5922,0,1.63185,0,2
905,269,5629,0,0,5589,40,27,2607,43,3938,20,1341,1204,179,1939,946,1373,1023,18.1737,0,1.64962,0,2
906,269,5561,0,0,5517,44,26,2426,43,3836,20,1331,1228,172,1857,953,1484,1102,19.8166,0,1.62232,0,2
907,269,5621,0,0,5592,29,15,2540,44,4120,19,1350,1174,174,1912,992,1381,1071,19.0535,0,1.70068,0,2
908,269,5555,0,0,5523,32,16,2309,44,3594,13,1299,1188,164,1888,1003,1384,1073,19.3159,0,1.56104,0,2
909,269,5505,0,0,5468,37,19,2405,42,3736,18,1285,1169,159,1960,914,1412,1081,19.6367,0,1.59642,0,2
910,269,5643,0,0,5600,43,31,2472,39,3885,19,1394,1151,155,1947,977,1340,1008,17.8628,0,1.63532,0,2
911,269,5499,0,0,5463,36,21,2556,46,3956,13,1274,1196,163,1901,952,1385,1039,18.8943,0,1.65453,0,2
912,269,5565,0,0,5551,14,8,2528,43,3984,19,1333,1213,157,1832,1011,1423,1070,19.2273,0,1.66223,0,2
913,269,5687,0,0,5661,26,13,2550,46,4078,13,1430,1170,156,1921,997,1388,1034,18.1818,0,1.68862,0,2
914,269,5570,0,0,5533,37,21,2489,44,3801,17,1300,1214,184,1912,943,1330,1004,18.0251,0,1.61316,0,2
915,269,5546,0,0,5527,19,7,2449,43,3863,20,1318,1184,190,1823,1011,1313,1005,18.1212,0,1.62946,0,2
916,269,5537,0,0,5505,32,18,2430,45,3583,14,1327,1174,170,1901,951,1368,1045,18.873,0,1.55836,0,2
917,269,5555,0,0,5526,29,14,2484,49,4214,19,1296,1156,165,1917,1002,1378,1041,18.7399,0,1.72831,0,2
918,269,5665,0,0,5634,31,22,2743,41,3993,16,1333,1249,177,1898,992,1410,1055,18.6231,0,1.66472,0,2
919,269,5513,0,0,5477,36,24,2448,46,3854,26,1220,1230,180,1880,977,1342,980,17.7762,0,1.62707,0,2
920,269,5580,0,0,5563,17,2,2591,40,3783,29,1312,1144,158,1920,1017,1362,1011,18.1183,0,1.60849,0,2
921,269,5655,0,0,5601,54,39,2492,40,4046,19,1357,1191,158,1948,982,1383,1050,18.5676,0,1.67954,0,2
922,269,5484,0,0,5457,27,6,2537,40,4201,27,1235,1258,173,1867,924,1366,1036,18.8913,0,1.72444,0,2
923,269,5555,0,0,5538,17,8,2482,43,3792,22,1300,1203,160,1915,955,1380,1054,18.9739,0,1.61082,0,2
924,269,5559,0,0,5527,32,17,2389,47,3707,15,1326,1149,166,1901,1002,1395,1034,18.6005,0,1.58907,0,2
925,269,5702,0,0,5669,33,17,2448,39,3764,17,1357,1236,149,1995,948,1371,1025,17.9761,0,1.60359,0,2
926,269,5643,0,0,5612,31,18,2413,39,3706,28,1367,1285,151,1878,934,1422,1100,19.4932,0,1.58881,0,2
927,269,5542,0,0,5519,23,13,2493,39,3744,19,1257,1194,172,1911,989,1382,1053,19.0004,0,1.59847,0,2
928,269,5628,0,0,5610,18,9,2696,45,4194,19,1339,1242,153,1945,930,1371,1037,18.4257,0,1.72236,0,2
929,269,5535,0,0,5511,24,12,2441,43,3772,18,1330,1217,150,1867,953,1373,1057,19.0967,0,1.60565,0,2
930,269,5620,0,0,5593,27,16,2600,39,3857,21,1333,1206,173,1950,937,1445,1080,19.2171,0,1.62787,0,2
931,269,5564,0,0,5535,29,16,2524,41,3958,20,1321,1168,171,1916,968,1362,1039,18.6736,0,1.65508,0,2
932,269,5598,0,0,5575,23,10,2569,38,4056,24,1355,1184,153,1919,963,1416,1057,18.8817,0,1.68237,0,2
933,269,5533,0,0,5506,27,12,2496,45,3865,20,1350,1201,159,1841,962,1310,990,17.8926,0,1.62999,0,2
934,269,5583,0,0,5565,18,3,2592,38,3830,25,1313,1161,155,1891,1038,1369,1044,18.6996,0,1.62075,0,2
935,269,5614,0,0,5570,44,27,2536,43,3979,23,1361,1122,181,1928,999,1351,1008,17.9551,0,1.66085,0,2
936,269,5491,0,0,5467,24,15,2428,43,3682,19,1336,1154,166,1894,922,1351,1006,18.3209,0,1.58278,0,2
937,269,5570,0,0,5545,25,6,2419,44,3702,16,1316,1244,162,1938,894,1396,1023,18.3662,0,1.58781,0,2
938,269,5514,0,0,5491,23,14,2517,42,4063,19,1303,1178,151,1932,931,1356,1005,18.2263,0,1.68435,0,2
939,269,5573,0,0,5553,20,10,2509,43,3979,18,1354,1178,140,1934,949,1375,1048,18.805,0,1.66085,0,2
940,269,5551,0,0,5531,20,9,2513,44,4046,27,1326,1151,160,1951,936,1340,1003,18.0688,0,1.67954,0,2
941,269,5551,0,0,5523,28,18,2502,40,3566,17,1352,1150,158,1923,951,1355,1015,18.285,0,1.55424,0,2
942,269,5482,0,0,5454,28,10,2428,43,3814,15,1357,1148,151,1839,972,1391,1056,19.263,0,1.61655,0,2
943,269,5449,0,0,5421,28,14,2390,43,3715,17,1255,1251,170,1806,950,1383,1065,19.5449,0,1.59109,0,2
944,269,5465,0,0,5453,12,1,2511,47,3736,12,1267,1193,147,1910,936,1361,1024,18.7374,0,1.59642,0,2
945,269,5558,0,0,5528,30,20,2456,42,3782,15,1345,1161,175,1893,969,1383,1016,18.28,0,1.60823,0,2
946,269,5656,0,0,5608,48,33,2481,50,3955,9,1380,1133,174,1950,1010,1421,1065,18.8296,0,1.65426,0,2
947,269,5606,0,0,5594,12,2,2460,41,3896,25,1384,1164,190,1913,930,1388,1082,19.3007,0,1.63827,0,2
948,269,5543,0,0,5503,40,26,2579,43,4172,20,1368,1197,166,1871,921,1341,983,17.7341,0,1.71585,0,2
949,269,5608,0,0,5593,15,3,2532,45,3838,17,1393,1232,165,1879,922,1413,1061,18.9194,0,1.62285,0,2
950,269,5574,0,0,5556,18,2,2468,42,3868,12,1314,1266,171,1841,970,1448,1082,19.4116,0,1.63079,0,2
951,269,5565,0,0,5545,20,4,2635,39,3785,22,1318,1161,181,1957,926,1383,1043,18.7421,0,1.60901,0,2
952,269,5577,0,0,5564,13,0,2701,40,4215,23,1330,1189,170,1891,974,1333,1019,18.2715,0,1.72861,0,2
953,269,5640,0,0,5618,22,8,2459,39,3973,20,1372,1189,171,1912,976,1412,1082,19.1844,0,1.6592,0,2
954,269,5655,0,0,5625,30,12,2547,43,4079,16,1363,1192,168,1975,941,1401,1073,18.9744,0,1.6889,0,2
955,269,5575,0,0,5539,36,21,2494,46,3909,22,1303,1185,158,1982,925,1426,1077,19.3184,0,1.64177,0,2
956,269,5520,0,0,5483,37,20,2381,42,3915,23,1273,1178,191,1910,945,1392,1039,18.8225,0,1.64339,0,2
957,269,5563,0,0,5539,24,8,2471,41,3861,21,1344,1166,155,1954,923,1386,1039,18.677,0,1.62893,0,2
958,269,5558,0,0,5544,14,3,2452,45,3960,20,1307,1151,154,1914,1012,1368,1041,18.7298,0,1.65563,0,2
959,269,5625,0,0,5607,18,10,2559,45,4168,22,1402,1111,172,1896,1022,1409,1037,18.4356,0,1.71468,0,2
960,269,5645,0,0,5613,32,20,2614,41,4086,18,1409,1188,153,1871,1006,1356,1016,17.9982,0,1.6909,0,2
961,269,5601,0,0,5569,32,18,2573,41,3848,12,1364,1194,179,1891,961,1410,1044,18.6395,0,1.62549,0,2
962,269,5534,0,0,5497,37,25,2440,45,3917,15,1282,1169,188,1888,992,1334,1011,18.2689,0,1.64393,0,2
963,269,5621,0,0,5600,21,12,2485,47,3905,15,1336,1229,201,1895,945,1386,1071,19.0535,0,1.64069,0,2
964,269,5641,0,0,5625,16,6,2445,48,3870,18,1389,1216,160,1924,934,1413,1072,19.0037,0,1.63132,0,2
965,269,5468,0,0,5439,29,12,2603,42,4141,25,1269,1195,142,1884,953,1341,1011,18.4894,0,1.70678,0,2
966,269,5457,0,0,5434,23,9,2359,48,3972,15,1325,1188,156,1792,981,1311,1022,18.7282,0,1.65893,0,2
967,269,5572,0,0,5554,18,5,2523,42,3751,19,1365,1169,163,1860,996,1368,1021,18.3238,0,1.60026,0,2
968,269,5667,0,0,5634,33,20,2480,45,3966,16,1366,1175,146,1968,996,1458,1094,19.3047,0,1.65728,0,2
969,269,5531,0,0,5493,38,16,2503,38,3897,24,1329,1185,158,1897,938,1393,1037,18.7489,0,1.63854,0,2
970,269,5482,0,0,5457,25,6,2442,38,3716,22,1284,1189,164,1862,961,1455,1091,19.9015,0,1.59134,0,2
971,269,5597,0,0,5573,24,14,2501,40,4026,23,1328,1190,158,1897,1001,1348,1012,18.0811,0,1.67392,0,2
972,269,5520,0,0,5481,39,15,2375,42,3535,16,1290,1195,156,1862,1001,1380,1065,19.2935,0,1.54679,0,2
973,269,5618,0,0,5583,35,20,2612,45,4171,13,1294,1219,166,1925,1001,1427,1083,19.2773,0,1.71556,0,2
974,269,5628,0,0,5609,19,7,2325,49,3711,19,1367,1193,156,1919,974,1374,1035,18.3902,0,1.59008,0,2
975,269,5451,0,0,5424,27,12,2430,42,3678,19,1266,1186,159,1827,994,1289,974,17.8683,0,1.58178,0,2
976,269,5536,0,0,5506,30,18,2371,46,3569,16,1339,1147,179,1881,974,1364,1034,18.6777,0,1.55497,0,2
977,269,5577,0,0,5546,31,21,2545,38,3990,34,1292,1200,155,1929,967,1436,1100,19.7239,0,1.66389,0,2
978,269,5548,0,0,5514,34,22,2447,45,3851,15,1317,1191,165,1918,942,1347,975,17.5739,0,1.62628,0,2
979,269,5488,0,0,5470,18,9,2411,41,3743,22,1265,1205,124,1917,955,1324,1008,18.3673,0,1.59821,0,2
980,269,5494,0,0,5470,24,6,2431,44,3674,13,1352,1183,152,1826,968,1433,1077,19.6032,0,1.58078,0,2
981,269,5574,0,0,5540,34,20,2413,47,3868,18,1363,1269,162,1795,967,1376,1016,18.2275,0,1.63079,0,2
982,269,5568,0,0,5545,23,12,2536,41,4227,19,1341,1216,187,1840,965,1349,992,17.8161,0,1.7322,0,2
983,269,5498,0,0,5467,31,14,2515,39,4011,27,1325,1129,163,1938,916,1404,1060,19.2797,0,1.66973,0,2
984,269,5531,0,0,5501,30,16,2475,45,3685,13,1252,1202,156,1997,911,1334,972,17.5737,0,1.58353,0,2
985,269,5605,0,0,5581,24,7,2471,44,3797,18,1382,1208,179,1844,974,1395,1046,18.6619,0,1.61212,0,2
986,269,5537,0,0,5503,34,21,2362,47,3879,18,1312,1153,158,1927,969,1381,1021,18.4396,0,1.63372,0,2
987,269,5585,0,0,5560,25,11,2398,40,3815,27,1357,1166,167,1975,893,1330,1004,17.9767,0,1.61681,0,2
988,269,5615,0,0,5600,15,0,2590,39,3927,19,1412,1200,147,1889,948,1450,1096,19.5191,0,1.64663,0,2
989,269,5538,0,0,5496,42,21,2421,39,3866,29,1325,1190,174,1880,940,1385,1043,18.8335,0,1.63026,0,2
990,269,5506,0,0,5477,29,16,2557,44,4050,12,1311,1160,170,1875,978,1356,1026,18.6342,0,1.68067,0,2
991,269,5514,0,0,5499,15,5,2452,40,3762,18,1253,1196,171,1895,981,1359,1048,19.0062,0,1.60308,0,2
992,269,5592,0,0,5561,31,13,2629,42,4262,25,1418,1151,152,1879,967,1386,1069,19.1166,0,1.74277,0,2
993,269,5634,0,0,5613,21,4,2657,38,3991,30,1401,1185,134,1939,945,1385,1032,18.3174,0,1.66417,0,2
994,269,5511,0,0,5477,34,19,2492,44,3956,27,1285,1203,159,1873,964,1421,1073,19.4702,0,1.65453,0,2
995,269,5552,0,0,5527,25,9,2454,42,3798,17,1294,1194,161,1859,1027,1345,1017,18.3177,0,1.61238,0,2
996,269,5644,0,0,5608,36,21,2380,43,3487,15,1384,1213,168,1931,933,1375,1038,18.3912,0,1.53539,0,2
997,269,5627,0,0,5600,27,12,2512,42,3956,21,1322,1209,175,1959,941,1410,1065,18.9266,0,1.65453,0,2
998,269,5526,0,0,5502,24,12,2598,44,4166,19,1313,1159,167,1914,954,1334,978,17.6982,0,1.71409,0,2
999,269,5698,0,0,5677,21,8,2657,39,4142,26,1374,1200,191,1950,957,1498,1104,19.3752,0,1.70707,0,2
